
-- MySQL dump 10.13  Distrib 8.0.26, for macos11 (arm64)
--
-- Host: localhost    Database: nicepet_api
-- ------------------------------------------------------
-- Server version       8.0.26

/*!40101 SET @OLD_CHARACTER_SET_CLIENT=@@CHARACTER_SET_CLIENT */;
/*!40101 SET @OLD_CHARACTER_SET_RESULTS=@@CHARACTER_SET_RESULTS */;
/*!40101 SET @OLD_COLLATION_CONNECTION=@@COLLATION_CONNECTION */;
/*!50503 SET NAMES utf8mb4 */;
/*!40103 SET @OLD_TIME_ZONE=@@TIME_ZONE */;
/*!40103 SET TIME_ZONE='+00:00' */;
/*!40014 SET @OLD_UNIQUE_CHECKS=@@UNIQUE_CHECKS, UNIQUE_CHECKS=0 */;
/*!40014 SET @OLD_FOREIGN_KEY_CHECKS=@@FOREIGN_KEY_CHECKS, FOREIGN_KEY_CHECKS=0 */;
/*!40101 SET @OLD_SQL_MODE=@@SQL_MODE, SQL_MODE='NO_AUTO_VALUE_ON_ZERO' */;
/*!40111 SET @OLD_SQL_NOTES=@@SQL_NOTES, SQL_NOTES=0 */;

--
-- Table structure for table `brand`
--

DROP TABLE IF EXISTS `brand`;
/*!40101 SET @saved_cs_client     = @@character_set_client */;
/*!50503 SET character_set_client = utf8mb4 */;
CREATE TABLE `brand` (
  `id` int NOT NULL AUTO_INCREMENT,
  `name` varchar(255) COLLATE utf8mb4_unicode_ci NOT NULL,
  `created_at` datetime NOT NULL,
  `modify_at` datetime DEFAULT NULL,
  PRIMARY KEY (`id`)
) ENGINE=InnoDB AUTO_INCREMENT=279 DEFAULT CHARSET=utf8mb4 COLLATE=utf8mb4_unicode_ci;
/*!40101 SET character_set_client = @saved_cs_client */;

--
-- Dumping data for table `brand`
--

LOCK TABLES `brand` WRITE;
/*!40000 ALTER TABLE `brand` DISABLE KEYS */;
INSERT INTO `brand` VALUES (1,'QUALITY SENS ','2022-12-30 11:27:53',NULL),(2,'QUALITY SENS ','2022-12-30 11:27:59',NULL),(3,'QUALITY SENS ','2022-12-30 11:46:05',NULL),(4,'OWNAT ','2022-12-30 11:46:05',NULL),(5,'NUTRIVET ','2022-12-30 11:46:05',NULL),(6,'TRUE INSTINCT','2022-12-30 11:46:05',NULL),(7,'TRUE INSTINCT ','2022-12-30 11:46:05',NULL),(8,'ULTRA PREMIUM DIRECT','2022-12-30 11:46:05',NULL),(9,'NUTRIVET ','2022-12-30 11:46:05',NULL),(10,'Virbac Veterinary HPM','2022-12-30 11:46:05',NULL),(11,'OWNAT PRIME ','2022-12-30 11:46:05',NULL),(12,'WILD FREEDOM ','2022-12-30 11:46:05',NULL),(13,'PURIZON ','2022-12-30 11:46:05',NULL),(14,'PURIZON ','2022-12-30 11:46:05',NULL),(15,'PURIZON ','2022-12-30 11:46:05',NULL),(16,'CARNILOVE ','2022-12-30 11:46:05',NULL),(17,'PURIZON ','2022-12-30 11:46:05',NULL),(18,'PURIZON ','2022-12-30 11:46:05',NULL),(19,'MAISON MOULIN ','2022-12-30 11:46:05',NULL),(20,'CARNILOVE ','2022-12-30 11:46:05',NULL),(21,'CRAVE ','2022-12-30 11:46:05',NULL),(22,'NUTRO ','2022-12-30 11:46:05',NULL),(23,'VIRBAC ','2022-12-30 11:46:05',NULL),(24,'NUTRO ','2022-12-30 11:46:05',NULL),(25,'NUTRO ','2022-12-30 11:46:05',NULL),(26,'OWNAT PRIME ','2022-12-30 11:46:05',NULL),(27,'HILL\'S ','2022-12-30 11:46:05',NULL),(28,'ORIJEN ','2022-12-30 11:46:05',NULL),(29,'PETCUREAN GO! CAT FIT + FREE ','2022-12-30 11:46:05',NULL),(30,'','2022-12-30 11:46:05',NULL),(31,'MAISON MOULIN ','2022-12-30 11:46:05',NULL),(32,'ORIJEN ','2022-12-30 11:46:05',NULL),(33,'FARMINA N&D ','2022-12-30 11:46:05',NULL),(34,'FARMINA N&D ','2022-12-30 11:46:05',NULL),(35,'','2022-12-30 11:46:05',NULL),(36,'ORIJEN ','2022-12-30 11:46:05',NULL),(37,'ORIJEN ','2022-12-30 11:46:05',NULL),(38,'FERINGA ','2022-12-30 11:46:05',NULL),(39,'FERINGA ','2022-12-30 11:46:05',NULL),(40,'TERRA FAELIS ','2022-12-30 11:46:05',NULL),(41,'THRIVE ','2022-12-30 11:46:05',NULL),(42,'ORIJEN ','2022-12-30 11:46:05',NULL),(43,'APPLAWS ','2022-12-30 11:46:05',NULL),(44,'FARMINA N&D ','2022-12-30 11:46:05',NULL),(45,'FARMINA N&D ','2022-12-30 11:46:05',NULL),(46,'NUTRO ','2022-12-30 11:46:05',NULL),(47,'TRUE INSTINCT ','2022-12-30 11:46:05',NULL),(48,'ALMO NATURE HFC ','2022-12-30 11:46:05',NULL),(49,'QUALITY SENS ','2023-01-02 17:12:17',NULL),(50,'OWNAT ','2023-01-02 17:12:17',NULL),(51,'NUTRIVET ','2023-01-02 17:12:17',NULL),(52,'TRUE INSTINCT','2023-01-02 17:12:17',NULL),(53,'TRUE INSTINCT ','2023-01-02 17:12:17',NULL),(54,'ULTRA PREMIUM DIRECT','2023-01-02 17:12:17',NULL),(55,'NUTRIVET ','2023-01-02 17:12:17',NULL),(56,'Virbac Veterinary HPM','2023-01-02 17:12:17',NULL),(57,'OWNAT PRIME ','2023-01-02 17:12:17',NULL),(58,'WILD FREEDOM ','2023-01-02 17:12:17',NULL),(59,'PURIZON ','2023-01-02 17:12:17',NULL),(60,'PURIZON ','2023-01-02 17:12:17',NULL),(61,'PURIZON ','2023-01-02 17:12:17',NULL),(62,'CARNILOVE ','2023-01-02 17:12:17',NULL),(63,'PURIZON ','2023-01-02 17:12:17',NULL),(64,'PURIZON ','2023-01-02 17:12:17',NULL),(65,'MAISON MOULIN ','2023-01-02 17:12:17',NULL),(66,'CARNILOVE ','2023-01-02 17:12:17',NULL),(67,'CRAVE ','2023-01-02 17:12:17',NULL),(68,'NUTRO ','2023-01-02 17:12:17',NULL),(69,'VIRBAC ','2023-01-02 17:12:17',NULL),(70,'NUTRO ','2023-01-02 17:12:17',NULL),(71,'NUTRO ','2023-01-02 17:12:17',NULL),(72,'OWNAT PRIME ','2023-01-02 17:12:17',NULL),(73,'HILL\'S ','2023-01-02 17:12:17',NULL),(74,'ORIJEN ','2023-01-02 17:12:17',NULL),(75,'PETCUREAN GO! CAT FIT + FREE ','2023-01-02 17:12:17',NULL),(76,'','2023-01-02 17:12:17',NULL),(77,'MAISON MOULIN ','2023-01-02 17:12:17',NULL),(78,'ORIJEN ','2023-01-02 17:12:17',NULL),(79,'FARMINA N&D ','2023-01-02 17:12:17',NULL),(80,'FARMINA N&D ','2023-01-02 17:12:17',NULL),(81,'','2023-01-02 17:12:17',NULL),(82,'ORIJEN ','2023-01-02 17:12:17',NULL),(83,'ORIJEN ','2023-01-02 17:12:17',NULL),(84,'FERINGA ','2023-01-02 17:12:17',NULL),(85,'FERINGA ','2023-01-02 17:12:17',NULL),(86,'TERRA FAELIS ','2023-01-02 17:12:17',NULL),(87,'THRIVE ','2023-01-02 17:12:17',NULL),(88,'ORIJEN ','2023-01-02 17:12:17',NULL),(89,'APPLAWS ','2023-01-02 17:12:17',NULL),(90,'FARMINA N&D ','2023-01-02 17:12:17',NULL),(91,'FARMINA N&D ','2023-01-02 17:12:17',NULL),(92,'NUTRO ','2023-01-02 17:12:17',NULL),(93,'TRUE INSTINCT ','2023-01-02 17:12:17',NULL),(94,'ALMO NATURE HFC ','2023-01-02 17:12:17',NULL),(95,'QUALITY SENS ','2023-01-02 17:13:24',NULL),(96,'OWNAT ','2023-01-02 17:13:24',NULL),(97,'NUTRIVET ','2023-01-02 17:13:24',NULL),(98,'TRUE INSTINCT','2023-01-02 17:13:24',NULL),(99,'TRUE INSTINCT ','2023-01-02 17:13:24',NULL),(100,'ULTRA PREMIUM DIRECT','2023-01-02 17:13:24',NULL),(101,'NUTRIVET ','2023-01-02 17:13:24',NULL),(102,'Virbac Veterinary HPM','2023-01-02 17:13:24',NULL),(103,'OWNAT PRIME ','2023-01-02 17:13:24',NULL),(104,'WILD FREEDOM ','2023-01-02 17:13:24',NULL),(105,'PURIZON ','2023-01-02 17:13:24',NULL),(106,'PURIZON ','2023-01-02 17:13:24',NULL),(107,'PURIZON ','2023-01-02 17:13:24',NULL),(108,'CARNILOVE ','2023-01-02 17:13:24',NULL),(109,'PURIZON ','2023-01-02 17:13:24',NULL),(110,'PURIZON ','2023-01-02 17:13:24',NULL),(111,'MAISON MOULIN ','2023-01-02 17:13:24',NULL),(112,'CARNILOVE ','2023-01-02 17:13:24',NULL),(113,'CRAVE ','2023-01-02 17:13:24',NULL),(114,'NUTRO ','2023-01-02 17:13:24',NULL),(115,'VIRBAC ','2023-01-02 17:13:24',NULL),(116,'NUTRO ','2023-01-02 17:13:24',NULL),(117,'NUTRO ','2023-01-02 17:13:24',NULL),(118,'OWNAT PRIME ','2023-01-02 17:13:24',NULL),(119,'HILL\'S ','2023-01-02 17:13:24',NULL),(120,'ORIJEN ','2023-01-02 17:13:24',NULL),(121,'PETCUREAN GO! CAT FIT + FREE ','2023-01-02 17:13:24',NULL),(122,'','2023-01-02 17:13:24',NULL),(123,'MAISON MOULIN ','2023-01-02 17:13:24',NULL),(124,'ORIJEN ','2023-01-02 17:13:24',NULL),(125,'FARMINA N&D ','2023-01-02 17:13:24',NULL),(126,'FARMINA N&D ','2023-01-02 17:13:24',NULL),(127,'','2023-01-02 17:13:24',NULL),(128,'ORIJEN ','2023-01-02 17:13:24',NULL),(129,'ORIJEN ','2023-01-02 17:13:24',NULL),(130,'FERINGA ','2023-01-02 17:13:24',NULL),(131,'FERINGA ','2023-01-02 17:13:24',NULL),(132,'TERRA FAELIS ','2023-01-02 17:13:24',NULL),(133,'THRIVE ','2023-01-02 17:13:24',NULL),(134,'ORIJEN ','2023-01-02 17:13:24',NULL),(135,'APPLAWS ','2023-01-02 17:13:24',NULL),(136,'FARMINA N&D ','2023-01-02 17:13:24',NULL),(137,'FARMINA N&D ','2023-01-02 17:13:24',NULL),(138,'NUTRO ','2023-01-02 17:13:24',NULL),(139,'TRUE INSTINCT ','2023-01-02 17:13:24',NULL),(140,'ALMO NATURE HFC ','2023-01-02 17:13:24',NULL),(141,'QUALITY SENS ','2023-01-02 17:14:21',NULL),(142,'OWNAT ','2023-01-02 17:14:21',NULL),(143,'NUTRIVET ','2023-01-02 17:14:21',NULL),(144,'TRUE INSTINCT','2023-01-02 17:14:21',NULL),(145,'TRUE INSTINCT ','2023-01-02 17:14:21',NULL),(146,'ULTRA PREMIUM DIRECT','2023-01-02 17:14:21',NULL),(147,'NUTRIVET ','2023-01-02 17:14:21',NULL),(148,'Virbac Veterinary HPM','2023-01-02 17:14:21',NULL),(149,'OWNAT PRIME ','2023-01-02 17:14:21',NULL),(150,'WILD FREEDOM ','2023-01-02 17:14:21',NULL),(151,'PURIZON ','2023-01-02 17:14:21',NULL),(152,'PURIZON ','2023-01-02 17:14:21',NULL),(153,'PURIZON ','2023-01-02 17:14:21',NULL),(154,'CARNILOVE ','2023-01-02 17:14:21',NULL),(155,'PURIZON ','2023-01-02 17:14:21',NULL),(156,'PURIZON ','2023-01-02 17:14:21',NULL),(157,'MAISON MOULIN ','2023-01-02 17:14:21',NULL),(158,'CARNILOVE ','2023-01-02 17:14:21',NULL),(159,'CRAVE ','2023-01-02 17:14:21',NULL),(160,'NUTRO ','2023-01-02 17:14:21',NULL),(161,'VIRBAC ','2023-01-02 17:14:21',NULL),(162,'NUTRO ','2023-01-02 17:14:21',NULL),(163,'NUTRO ','2023-01-02 17:14:21',NULL),(164,'OWNAT PRIME ','2023-01-02 17:14:21',NULL),(165,'HILL\'S ','2023-01-02 17:14:21',NULL),(166,'ORIJEN ','2023-01-02 17:14:21',NULL),(167,'PETCUREAN GO! CAT FIT + FREE ','2023-01-02 17:14:21',NULL),(168,'','2023-01-02 17:14:21',NULL),(169,'MAISON MOULIN ','2023-01-02 17:14:21',NULL),(170,'ORIJEN ','2023-01-02 17:14:21',NULL),(171,'FARMINA N&D ','2023-01-02 17:14:21',NULL),(172,'FARMINA N&D ','2023-01-02 17:14:21',NULL),(173,'','2023-01-02 17:14:21',NULL),(174,'ORIJEN ','2023-01-02 17:14:21',NULL),(175,'ORIJEN ','2023-01-02 17:14:21',NULL),(176,'FERINGA ','2023-01-02 17:14:21',NULL),(177,'FERINGA ','2023-01-02 17:14:21',NULL),(178,'TERRA FAELIS ','2023-01-02 17:14:21',NULL),(179,'THRIVE ','2023-01-02 17:14:21',NULL),(180,'ORIJEN ','2023-01-02 17:14:21',NULL),(181,'APPLAWS ','2023-01-02 17:14:21',NULL),(182,'FARMINA N&D ','2023-01-02 17:14:21',NULL),(183,'FARMINA N&D ','2023-01-02 17:14:21',NULL),(184,'NUTRO ','2023-01-02 17:14:21',NULL),(185,'TRUE INSTINCT ','2023-01-02 17:14:21',NULL),(186,'ALMO NATURE HFC ','2023-01-02 17:14:21',NULL),(187,'QUALITY SENS ','2023-01-02 17:14:36',NULL),(188,'OWNAT ','2023-01-02 17:14:36',NULL),(189,'NUTRIVET ','2023-01-02 17:14:36',NULL),(190,'TRUE INSTINCT','2023-01-02 17:14:36',NULL),(191,'TRUE INSTINCT ','2023-01-02 17:14:36',NULL),(192,'ULTRA PREMIUM DIRECT','2023-01-02 17:14:36',NULL),(193,'NUTRIVET ','2023-01-02 17:14:36',NULL),(194,'Virbac Veterinary HPM','2023-01-02 17:14:36',NULL),(195,'OWNAT PRIME ','2023-01-02 17:14:36',NULL),(196,'WILD FREEDOM ','2023-01-02 17:14:36',NULL),(197,'PURIZON ','2023-01-02 17:14:36',NULL),(198,'PURIZON ','2023-01-02 17:14:36',NULL),(199,'PURIZON ','2023-01-02 17:14:36',NULL),(200,'CARNILOVE ','2023-01-02 17:14:36',NULL),(201,'PURIZON ','2023-01-02 17:14:36',NULL),(202,'PURIZON ','2023-01-02 17:14:36',NULL),(203,'MAISON MOULIN ','2023-01-02 17:14:36',NULL),(204,'CARNILOVE ','2023-01-02 17:14:36',NULL),(205,'CRAVE ','2023-01-02 17:14:36',NULL),(206,'NUTRO ','2023-01-02 17:14:36',NULL),(207,'VIRBAC ','2023-01-02 17:14:36',NULL),(208,'NUTRO ','2023-01-02 17:14:36',NULL),(209,'NUTRO ','2023-01-02 17:14:36',NULL),(210,'OWNAT PRIME ','2023-01-02 17:14:36',NULL),(211,'HILL\'S ','2023-01-02 17:14:36',NULL),(212,'ORIJEN ','2023-01-02 17:14:36',NULL),(213,'PETCUREAN GO! CAT FIT + FREE ','2023-01-02 17:14:36',NULL),(214,'','2023-01-02 17:14:36',NULL),(215,'MAISON MOULIN ','2023-01-02 17:14:36',NULL),(216,'ORIJEN ','2023-01-02 17:14:36',NULL),(217,'FARMINA N&D ','2023-01-02 17:14:36',NULL),(218,'FARMINA N&D ','2023-01-02 17:14:36',NULL),(219,'','2023-01-02 17:14:36',NULL),(220,'ORIJEN ','2023-01-02 17:14:36',NULL),(221,'ORIJEN ','2023-01-02 17:14:36',NULL),(222,'FERINGA ','2023-01-02 17:14:36',NULL),(223,'FERINGA ','2023-01-02 17:14:36',NULL),(224,'TERRA FAELIS ','2023-01-02 17:14:36',NULL),(225,'THRIVE ','2023-01-02 17:14:36',NULL),(226,'ORIJEN ','2023-01-02 17:14:36',NULL),(227,'APPLAWS ','2023-01-02 17:14:36',NULL),(228,'FARMINA N&D ','2023-01-02 17:14:36',NULL),(229,'FARMINA N&D ','2023-01-02 17:14:36',NULL),(230,'NUTRO ','2023-01-02 17:14:36',NULL),(231,'TRUE INSTINCT ','2023-01-02 17:14:36',NULL),(232,'ALMO NATURE HFC ','2023-01-02 17:14:36',NULL),(233,'QUALITY SENS ','2023-01-02 17:17:12',NULL),(234,'OWNAT ','2023-01-02 17:17:12',NULL),(235,'NUTRIVET ','2023-01-02 17:17:12',NULL),(236,'TRUE INSTINCT','2023-01-02 17:17:13',NULL),(237,'TRUE INSTINCT ','2023-01-02 17:17:13',NULL),(238,'ULTRA PREMIUM DIRECT','2023-01-02 17:17:13',NULL),(239,'NUTRIVET ','2023-01-02 17:17:13',NULL),(240,'Virbac Veterinary HPM','2023-01-02 17:17:13',NULL),(241,'OWNAT PRIME ','2023-01-02 17:17:13',NULL),(242,'WILD FREEDOM ','2023-01-02 17:17:13',NULL),(243,'PURIZON ','2023-01-02 17:17:13',NULL),(244,'PURIZON ','2023-01-02 17:17:13',NULL),(245,'PURIZON ','2023-01-02 17:17:13',NULL),(246,'CARNILOVE ','2023-01-02 17:17:13',NULL),(247,'PURIZON ','2023-01-02 17:17:13',NULL),(248,'PURIZON ','2023-01-02 17:17:13',NULL),(249,'MAISON MOULIN ','2023-01-02 17:17:13',NULL),(250,'CARNILOVE ','2023-01-02 17:17:13',NULL),(251,'CRAVE ','2023-01-02 17:17:13',NULL),(252,'NUTRO ','2023-01-02 17:17:13',NULL),(253,'VIRBAC ','2023-01-02 17:17:13',NULL),(254,'NUTRO ','2023-01-02 17:17:13',NULL),(255,'NUTRO ','2023-01-02 17:17:13',NULL),(256,'OWNAT PRIME ','2023-01-02 17:17:13',NULL),(257,'HILL\'S ','2023-01-02 17:17:13',NULL),(258,'ORIJEN ','2023-01-02 17:17:13',NULL),(259,'PETCUREAN GO! CAT FIT + FREE ','2023-01-02 17:17:13',NULL),(260,'','2023-01-02 17:17:13',NULL),(261,'MAISON MOULIN ','2023-01-02 17:17:13',NULL),(262,'ORIJEN ','2023-01-02 17:17:13',NULL),(263,'FARMINA N&D ','2023-01-02 17:17:13',NULL),(264,'FARMINA N&D ','2023-01-02 17:17:13',NULL),(265,'','2023-01-02 17:17:13',NULL),(266,'ORIJEN ','2023-01-02 17:17:13',NULL),(267,'ORIJEN ','2023-01-02 17:17:13',NULL),(268,'FERINGA ','2023-01-02 17:17:13',NULL),(269,'FERINGA ','2023-01-02 17:17:13',NULL),(270,'TERRA FAELIS ','2023-01-02 17:17:13',NULL),(271,'THRIVE ','2023-01-02 17:17:13',NULL),(272,'ORIJEN ','2023-01-02 17:17:13',NULL),(273,'APPLAWS ','2023-01-02 17:17:13',NULL),(274,'FARMINA N&D ','2023-01-02 17:17:13',NULL),(275,'FARMINA N&D ','2023-01-02 17:17:13',NULL),(276,'NUTRO ','2023-01-02 17:17:13',NULL),(277,'TRUE INSTINCT ','2023-01-02 17:17:13',NULL),(278,'ALMO NATURE HFC ','2023-01-02 17:17:13',NULL);
/*!40000 ALTER TABLE `brand` ENABLE KEYS */;
UNLOCK TABLES;

--
-- Table structure for table `cat`
--

DROP TABLE IF EXISTS `cat`;
/*!40101 SET @saved_cs_client     = @@character_set_client */;
/*!50503 SET character_set_client = utf8mb4 */;
CREATE TABLE `cat` (
  `id` int NOT NULL AUTO_INCREMENT,
  `name` varchar(255) COLLATE utf8mb4_unicode_ci NOT NULL,
  `created_at` datetime NOT NULL COMMENT '(DC2Type:datetime_immutable)',
  `modify_at` datetime DEFAULT NULL COMMENT '(DC2Type:datetime_immutable)',
  PRIMARY KEY (`id`)
) ENGINE=InnoDB DEFAULT CHARSET=utf8mb4 COLLATE=utf8mb4_unicode_ci;
/*!40101 SET character_set_client = @saved_cs_client */;

--
-- Dumping data for table `cat`
--

LOCK TABLES `cat` WRITE;
/*!40000 ALTER TABLE `cat` DISABLE KEYS */;
/*!40000 ALTER TABLE `cat` ENABLE KEYS */;
UNLOCK TABLES;

--
-- Table structure for table `category`
--

DROP TABLE IF EXISTS `category`;
/*!40101 SET @saved_cs_client     = @@character_set_client */;
/*!50503 SET character_set_client = utf8mb4 */;
CREATE TABLE `category` (
  `id` int NOT NULL AUTO_INCREMENT,
  `type_pet` varchar(255) COLLATE utf8mb4_unicode_ci NOT NULL,
  `created_at` datetime NOT NULL,
  `moditfy_at` datetime DEFAULT NULL,
  PRIMARY KEY (`id`)
) ENGINE=InnoDB AUTO_INCREMENT=279 DEFAULT CHARSET=utf8mb4 COLLATE=utf8mb4_unicode_ci;
/*!40101 SET character_set_client = @saved_cs_client */;

--
-- Dumping data for table `category`
--

LOCK TABLES `category` WRITE;
/*!40000 ALTER TABLE `category` DISABLE KEYS */;
INSERT INTO `category` VALUES (1,'chat','2022-12-30 11:27:53',NULL),(2,'chat','2022-12-30 11:27:59',NULL),(3,'chat','2022-12-30 11:46:05',NULL),(4,'chat','2022-12-30 11:46:05',NULL),(5,'chat','2022-12-30 11:46:05',NULL),(6,'chat','2022-12-30 11:46:05',NULL),(7,'chat','2022-12-30 11:46:05',NULL),(8,'chat','2022-12-30 11:46:05',NULL),(9,'chat','2022-12-30 11:46:05',NULL),(10,'chat','2022-12-30 11:46:05',NULL),(11,'chat','2022-12-30 11:46:05',NULL),(12,'chat','2022-12-30 11:46:05',NULL),(13,'chat','2022-12-30 11:46:05',NULL),(14,'chat','2022-12-30 11:46:05',NULL),(15,'chat','2022-12-30 11:46:05',NULL),(16,'chat','2022-12-30 11:46:05',NULL),(17,'chat','2022-12-30 11:46:05',NULL),(18,'chat','2022-12-30 11:46:05',NULL),(19,'chat','2022-12-30 11:46:05',NULL),(20,'chat','2022-12-30 11:46:05',NULL),(21,'chat','2022-12-30 11:46:05',NULL),(22,'chat','2022-12-30 11:46:05',NULL),(23,'chat','2022-12-30 11:46:05',NULL),(24,'chat','2022-12-30 11:46:05',NULL),(25,'chat','2022-12-30 11:46:05',NULL),(26,'chat','2022-12-30 11:46:05',NULL),(27,'chat','2022-12-30 11:46:05',NULL),(28,'chat','2022-12-30 11:46:05',NULL),(29,'chat','2022-12-30 11:46:05',NULL),(30,'chat','2022-12-30 11:46:05',NULL),(31,'chat','2022-12-30 11:46:05',NULL),(32,'chat','2022-12-30 11:46:05',NULL),(33,'chat','2022-12-30 11:46:05',NULL),(34,'chat','2022-12-30 11:46:05',NULL),(35,'chat','2022-12-30 11:46:05',NULL),(36,'chat','2022-12-30 11:46:05',NULL),(37,'chat','2022-12-30 11:46:05',NULL),(38,'chat','2022-12-30 11:46:05',NULL),(39,'chat','2022-12-30 11:46:05',NULL),(40,'chat','2022-12-30 11:46:05',NULL),(41,'chat','2022-12-30 11:46:05',NULL),(42,'chat','2022-12-30 11:46:05',NULL),(43,'chat','2022-12-30 11:46:05',NULL),(44,'chat','2022-12-30 11:46:05',NULL),(45,'chat','2022-12-30 11:46:05',NULL),(46,'chat','2022-12-30 11:46:05',NULL),(47,'chat','2022-12-30 11:46:05',NULL),(48,'chat','2022-12-30 11:46:05',NULL),(49,'chat','2023-01-02 17:12:17',NULL),(50,'chat','2023-01-02 17:12:17',NULL),(51,'chat','2023-01-02 17:12:17',NULL),(52,'chat','2023-01-02 17:12:17',NULL),(53,'chat','2023-01-02 17:12:17',NULL),(54,'chat','2023-01-02 17:12:17',NULL),(55,'chat','2023-01-02 17:12:17',NULL),(56,'chat','2023-01-02 17:12:17',NULL),(57,'chat','2023-01-02 17:12:17',NULL),(58,'chat','2023-01-02 17:12:17',NULL),(59,'chat','2023-01-02 17:12:17',NULL),(60,'chat','2023-01-02 17:12:17',NULL),(61,'chat','2023-01-02 17:12:17',NULL),(62,'chat','2023-01-02 17:12:17',NULL),(63,'chat','2023-01-02 17:12:17',NULL),(64,'chat','2023-01-02 17:12:17',NULL),(65,'chat','2023-01-02 17:12:17',NULL),(66,'chat','2023-01-02 17:12:17',NULL),(67,'chat','2023-01-02 17:12:17',NULL),(68,'chat','2023-01-02 17:12:17',NULL),(69,'chat','2023-01-02 17:12:17',NULL),(70,'chat','2023-01-02 17:12:17',NULL),(71,'chat','2023-01-02 17:12:17',NULL),(72,'chat','2023-01-02 17:12:17',NULL),(73,'chat','2023-01-02 17:12:17',NULL),(74,'chat','2023-01-02 17:12:17',NULL),(75,'chat','2023-01-02 17:12:17',NULL),(76,'chat','2023-01-02 17:12:17',NULL),(77,'chat','2023-01-02 17:12:17',NULL),(78,'chat','2023-01-02 17:12:17',NULL),(79,'chat','2023-01-02 17:12:17',NULL),(80,'chat','2023-01-02 17:12:17',NULL),(81,'chat','2023-01-02 17:12:17',NULL),(82,'chat','2023-01-02 17:12:17',NULL),(83,'chat','2023-01-02 17:12:17',NULL),(84,'chat','2023-01-02 17:12:17',NULL),(85,'chat','2023-01-02 17:12:17',NULL),(86,'chat','2023-01-02 17:12:17',NULL),(87,'chat','2023-01-02 17:12:17',NULL),(88,'chat','2023-01-02 17:12:17',NULL),(89,'chat','2023-01-02 17:12:17',NULL),(90,'chat','2023-01-02 17:12:17',NULL),(91,'chat','2023-01-02 17:12:17',NULL),(92,'chat','2023-01-02 17:12:17',NULL),(93,'chat','2023-01-02 17:12:17',NULL),(94,'chat','2023-01-02 17:12:17',NULL),(95,'chat','2023-01-02 17:13:24',NULL),(96,'chat','2023-01-02 17:13:24',NULL),(97,'chat','2023-01-02 17:13:24',NULL),(98,'chat','2023-01-02 17:13:24',NULL),(99,'chat','2023-01-02 17:13:24',NULL),(100,'chat','2023-01-02 17:13:24',NULL),(101,'chat','2023-01-02 17:13:24',NULL),(102,'chat','2023-01-02 17:13:24',NULL),(103,'chat','2023-01-02 17:13:24',NULL),(104,'chat','2023-01-02 17:13:24',NULL),(105,'chat','2023-01-02 17:13:24',NULL),(106,'chat','2023-01-02 17:13:24',NULL),(107,'chat','2023-01-02 17:13:24',NULL),(108,'chat','2023-01-02 17:13:24',NULL),(109,'chat','2023-01-02 17:13:24',NULL),(110,'chat','2023-01-02 17:13:24',NULL),(111,'chat','2023-01-02 17:13:24',NULL),(112,'chat','2023-01-02 17:13:24',NULL),(113,'chat','2023-01-02 17:13:24',NULL),(114,'chat','2023-01-02 17:13:24',NULL),(115,'chat','2023-01-02 17:13:24',NULL),(116,'chat','2023-01-02 17:13:24',NULL),(117,'chat','2023-01-02 17:13:24',NULL),(118,'chat','2023-01-02 17:13:24',NULL),(119,'chat','2023-01-02 17:13:24',NULL),(120,'chat','2023-01-02 17:13:24',NULL),(121,'chat','2023-01-02 17:13:24',NULL),(122,'chat','2023-01-02 17:13:24',NULL),(123,'chat','2023-01-02 17:13:24',NULL),(124,'chat','2023-01-02 17:13:24',NULL),(125,'chat','2023-01-02 17:13:24',NULL),(126,'chat','2023-01-02 17:13:24',NULL),(127,'chat','2023-01-02 17:13:24',NULL),(128,'chat','2023-01-02 17:13:24',NULL),(129,'chat','2023-01-02 17:13:24',NULL),(130,'chat','2023-01-02 17:13:24',NULL),(131,'chat','2023-01-02 17:13:24',NULL),(132,'chat','2023-01-02 17:13:24',NULL),(133,'chat','2023-01-02 17:13:24',NULL),(134,'chat','2023-01-02 17:13:24',NULL),(135,'chat','2023-01-02 17:13:24',NULL),(136,'chat','2023-01-02 17:13:24',NULL),(137,'chat','2023-01-02 17:13:24',NULL),(138,'chat','2023-01-02 17:13:24',NULL),(139,'chat','2023-01-02 17:13:24',NULL),(140,'chat','2023-01-02 17:13:24',NULL),(141,'chat','2023-01-02 17:14:21',NULL),(142,'chat','2023-01-02 17:14:21',NULL),(143,'chat','2023-01-02 17:14:21',NULL),(144,'chat','2023-01-02 17:14:21',NULL),(145,'chat','2023-01-02 17:14:21',NULL),(146,'chat','2023-01-02 17:14:21',NULL),(147,'chat','2023-01-02 17:14:21',NULL),(148,'chat','2023-01-02 17:14:21',NULL),(149,'chat','2023-01-02 17:14:21',NULL),(150,'chat','2023-01-02 17:14:21',NULL),(151,'chat','2023-01-02 17:14:21',NULL),(152,'chat','2023-01-02 17:14:21',NULL),(153,'chat','2023-01-02 17:14:21',NULL),(154,'chat','2023-01-02 17:14:21',NULL),(155,'chat','2023-01-02 17:14:21',NULL),(156,'chat','2023-01-02 17:14:21',NULL),(157,'chat','2023-01-02 17:14:21',NULL),(158,'chat','2023-01-02 17:14:21',NULL),(159,'chat','2023-01-02 17:14:21',NULL),(160,'chat','2023-01-02 17:14:21',NULL),(161,'chat','2023-01-02 17:14:21',NULL),(162,'chat','2023-01-02 17:14:21',NULL),(163,'chat','2023-01-02 17:14:21',NULL),(164,'chat','2023-01-02 17:14:21',NULL),(165,'chat','2023-01-02 17:14:21',NULL),(166,'chat','2023-01-02 17:14:21',NULL),(167,'chat','2023-01-02 17:14:21',NULL),(168,'chat','2023-01-02 17:14:21',NULL),(169,'chat','2023-01-02 17:14:21',NULL),(170,'chat','2023-01-02 17:14:21',NULL),(171,'chat','2023-01-02 17:14:21',NULL),(172,'chat','2023-01-02 17:14:21',NULL),(173,'chat','2023-01-02 17:14:21',NULL),(174,'chat','2023-01-02 17:14:21',NULL),(175,'chat','2023-01-02 17:14:21',NULL),(176,'chat','2023-01-02 17:14:21',NULL),(177,'chat','2023-01-02 17:14:21',NULL),(178,'chat','2023-01-02 17:14:21',NULL),(179,'chat','2023-01-02 17:14:21',NULL),(180,'chat','2023-01-02 17:14:21',NULL),(181,'chat','2023-01-02 17:14:21',NULL),(182,'chat','2023-01-02 17:14:21',NULL),(183,'chat','2023-01-02 17:14:21',NULL),(184,'chat','2023-01-02 17:14:21',NULL),(185,'chat','2023-01-02 17:14:21',NULL),(186,'chat','2023-01-02 17:14:21',NULL),(187,'chat','2023-01-02 17:14:36',NULL),(188,'chat','2023-01-02 17:14:36',NULL),(189,'chat','2023-01-02 17:14:36',NULL),(190,'chat','2023-01-02 17:14:36',NULL),(191,'chat','2023-01-02 17:14:36',NULL),(192,'chat','2023-01-02 17:14:36',NULL),(193,'chat','2023-01-02 17:14:36',NULL),(194,'chat','2023-01-02 17:14:36',NULL),(195,'chat','2023-01-02 17:14:36',NULL),(196,'chat','2023-01-02 17:14:36',NULL),(197,'chat','2023-01-02 17:14:36',NULL),(198,'chat','2023-01-02 17:14:36',NULL),(199,'chat','2023-01-02 17:14:36',NULL),(200,'chat','2023-01-02 17:14:36',NULL),(201,'chat','2023-01-02 17:14:36',NULL),(202,'chat','2023-01-02 17:14:36',NULL),(203,'chat','2023-01-02 17:14:36',NULL),(204,'chat','2023-01-02 17:14:36',NULL),(205,'chat','2023-01-02 17:14:36',NULL),(206,'chat','2023-01-02 17:14:36',NULL),(207,'chat','2023-01-02 17:14:36',NULL),(208,'chat','2023-01-02 17:14:36',NULL),(209,'chat','2023-01-02 17:14:36',NULL),(210,'chat','2023-01-02 17:14:36',NULL),(211,'chat','2023-01-02 17:14:36',NULL),(212,'chat','2023-01-02 17:14:36',NULL),(213,'chat','2023-01-02 17:14:36',NULL),(214,'chat','2023-01-02 17:14:36',NULL),(215,'chat','2023-01-02 17:14:36',NULL),(216,'chat','2023-01-02 17:14:36',NULL),(217,'chat','2023-01-02 17:14:36',NULL),(218,'chat','2023-01-02 17:14:36',NULL),(219,'chat','2023-01-02 17:14:36',NULL),(220,'chat','2023-01-02 17:14:36',NULL),(221,'chat','2023-01-02 17:14:36',NULL),(222,'chat','2023-01-02 17:14:36',NULL),(223,'chat','2023-01-02 17:14:36',NULL),(224,'chat','2023-01-02 17:14:36',NULL),(225,'chat','2023-01-02 17:14:36',NULL),(226,'chat','2023-01-02 17:14:36',NULL),(227,'chat','2023-01-02 17:14:36',NULL),(228,'chat','2023-01-02 17:14:36',NULL),(229,'chat','2023-01-02 17:14:36',NULL),(230,'chat','2023-01-02 17:14:36',NULL),(231,'chat','2023-01-02 17:14:36',NULL),(232,'chat','2023-01-02 17:14:36',NULL),(233,'chat','2023-01-02 17:17:12',NULL),(234,'chat','2023-01-02 17:17:12',NULL),(235,'chat','2023-01-02 17:17:12',NULL),(236,'chat','2023-01-02 17:17:13',NULL),(237,'chat','2023-01-02 17:17:13',NULL),(238,'chat','2023-01-02 17:17:13',NULL),(239,'chat','2023-01-02 17:17:13',NULL),(240,'chat','2023-01-02 17:17:13',NULL),(241,'chat','2023-01-02 17:17:13',NULL),(242,'chat','2023-01-02 17:17:13',NULL),(243,'chat','2023-01-02 17:17:13',NULL),(244,'chat','2023-01-02 17:17:13',NULL),(245,'chat','2023-01-02 17:17:13',NULL),(246,'chat','2023-01-02 17:17:13',NULL),(247,'chat','2023-01-02 17:17:13',NULL),(248,'chat','2023-01-02 17:17:13',NULL),(249,'chat','2023-01-02 17:17:13',NULL),(250,'chat','2023-01-02 17:17:13',NULL),(251,'chat','2023-01-02 17:17:13',NULL),(252,'chat','2023-01-02 17:17:13',NULL),(253,'chat','2023-01-02 17:17:13',NULL),(254,'chat','2023-01-02 17:17:13',NULL),(255,'chat','2023-01-02 17:17:13',NULL),(256,'chat','2023-01-02 17:17:13',NULL),(257,'chat','2023-01-02 17:17:13',NULL),(258,'chat','2023-01-02 17:17:13',NULL),(259,'chat','2023-01-02 17:17:13',NULL),(260,'chat','2023-01-02 17:17:13',NULL),(261,'chat','2023-01-02 17:17:13',NULL),(262,'chat','2023-01-02 17:17:13',NULL),(263,'chat','2023-01-02 17:17:13',NULL),(264,'chat','2023-01-02 17:17:13',NULL),(265,'chat','2023-01-02 17:17:13',NULL),(266,'chat','2023-01-02 17:17:13',NULL),(267,'chat','2023-01-02 17:17:13',NULL),(268,'chat','2023-01-02 17:17:13',NULL),(269,'chat','2023-01-02 17:17:13',NULL),(270,'chat','2023-01-02 17:17:13',NULL),(271,'chat','2023-01-02 17:17:13',NULL),(272,'chat','2023-01-02 17:17:13',NULL),(273,'chat','2023-01-02 17:17:13',NULL),(274,'chat','2023-01-02 17:17:13',NULL),(275,'chat','2023-01-02 17:17:13',NULL),(276,'chat','2023-01-02 17:17:13',NULL),(277,'chat','2023-01-02 17:17:13',NULL),(278,'chat','2023-01-02 17:17:13',NULL);
/*!40000 ALTER TABLE `category` ENABLE KEYS */;
UNLOCK TABLES;

--
-- Table structure for table `category_produit`
--

DROP TABLE IF EXISTS `category_produit`;
/*!40101 SET @saved_cs_client     = @@character_set_client */;
/*!50503 SET character_set_client = utf8mb4 */;
CREATE TABLE `category_produit` (
  `category_id` int NOT NULL,
  `produit_id` int NOT NULL,
  PRIMARY KEY (`category_id`,`produit_id`),
  KEY `IDX_EE7DAC5912469DE2` (`category_id`),
  KEY `IDX_EE7DAC59F347EFB` (`produit_id`),
  CONSTRAINT `FK_EE7DAC5912469DE2` FOREIGN KEY (`category_id`) REFERENCES `category` (`id`) ON DELETE CASCADE,
  CONSTRAINT `FK_EE7DAC59F347EFB` FOREIGN KEY (`produit_id`) REFERENCES `produit` (`id`) ON DELETE CASCADE
) ENGINE=InnoDB DEFAULT CHARSET=utf8mb4 COLLATE=utf8mb4_unicode_ci;
/*!40101 SET character_set_client = @saved_cs_client */;

--
-- Dumping data for table `category_produit`
--

LOCK TABLES `category_produit` WRITE;
/*!40000 ALTER TABLE `category_produit` DISABLE KEYS */;
INSERT INTO `category_produit` VALUES (3,1),(4,2),(5,3),(6,4),(7,5),(8,6),(9,7),(10,8),(11,9),(12,10),(13,11),(14,12),(15,13),(16,14),(17,15),(18,16),(19,17),(20,18),(21,19),(22,20),(23,21),(24,22),(25,23),(26,24),(27,25),(28,26),(29,27),(30,28),(31,29),(32,30),(33,31),(34,32),(35,33),(36,34),(37,35),(38,36),(39,37),(40,38),(41,39),(42,40),(43,41),(44,42),(45,43),(46,44),(47,45),(49,46),(50,47),(51,48),(52,49),(53,50),(54,51),(55,52),(56,53),(57,54),(58,55),(59,56),(60,57),(61,58),(62,59),(63,60),(64,61),(65,62),(66,63),(67,64),(68,65),(69,66),(70,67),(71,68),(72,69),(73,70),(74,71),(75,72),(76,73),(77,74),(78,75),(79,76),(80,77),(81,78),(82,79),(83,80),(84,81),(85,82),(86,83),(87,84),(88,85),(89,86),(90,87),(91,88),(92,89),(93,90),(95,91),(96,92),(97,93),(98,94),(99,95),(100,96),(101,97),(102,98),(103,99),(104,100),(105,101),(106,102),(107,103),(108,104),(109,105),(110,106),(111,107),(112,108),(113,109),(114,110),(115,111),(116,112),(117,113),(118,114),(119,115),(120,116),(121,117),(122,118),(123,119),(124,120),(125,121),(126,122),(127,123),(128,124),(129,125),(130,126),(131,127),(132,128),(133,129),(134,130),(135,131),(136,132),(137,133),(138,134),(139,135),(141,136),(142,137),(143,138),(144,139),(145,140),(146,141),(147,142),(148,143),(149,144),(150,145),(151,146),(152,147),(153,148),(154,149),(155,150),(156,151),(157,152),(158,153),(159,154),(160,155),(161,156),(162,157),(163,158),(164,159),(165,160),(166,161),(167,162),(168,163),(169,164),(170,165),(171,166),(172,167),(173,168),(174,169),(175,170),(176,171),(177,172),(178,173),(179,174),(180,175),(181,176),(182,177),(183,178),(184,179),(185,180),(187,181),(188,182),(189,183),(190,184),(191,185),(192,186),(193,187),(194,188),(195,189),(196,190),(197,191),(198,192),(199,193),(200,194),(201,195),(202,196),(203,197),(204,198),(205,199),(206,200),(207,201),(208,202),(209,203),(210,204),(211,205),(212,206),(213,207),(214,208),(215,209),(216,210),(217,211),(218,212),(219,213),(220,214),(221,215),(222,216),(223,217),(224,218),(225,219),(226,220),(227,221),(228,222),(229,223),(230,224),(231,225),(233,226),(234,227),(235,228),(236,229),(237,230),(238,231),(239,232),(240,233),(241,234),(242,235),(243,236),(244,237),(245,238),(246,239),(247,240),(248,241),(249,242),(250,243),(251,244),(252,245),(253,246),(254,247),(255,248),(256,249),(257,250),(258,251),(259,252),(260,253),(261,254),(262,255),(263,256),(264,257),(265,258),(266,259),(267,260),(268,261),(269,262),(270,263),(271,264),(272,265),(273,266),(274,267),(275,268),(276,269),(277,270);
/*!40000 ALTER TABLE `category_produit` ENABLE KEYS */;
UNLOCK TABLES;

--
-- Table structure for table `characteristic`
--

DROP TABLE IF EXISTS `characteristic`;
/*!40101 SET @saved_cs_client     = @@character_set_client */;
/*!50503 SET character_set_client = utf8mb4 */;
CREATE TABLE `characteristic` (
  `id` int NOT NULL AUTO_INCREMENT,
  `produit_id` int DEFAULT NULL,
  `cendres` int NOT NULL,
  `eau` int NOT NULL,
  `fibre` int NOT NULL,
  `glucide` int NOT NULL,
  `lipide` int NOT NULL,
  `proteine` int NOT NULL,
  PRIMARY KEY (`id`),
  UNIQUE KEY `UNIQ_522FA950F347EFB` (`produit_id`),
  CONSTRAINT `FK_522FA950F347EFB` FOREIGN KEY (`produit_id`) REFERENCES `produit` (`id`)
) ENGINE=InnoDB AUTO_INCREMENT=277 DEFAULT CHARSET=utf8mb4 COLLATE=utf8mb4_unicode_ci;
/*!40101 SET character_set_client = @saved_cs_client */;

--
-- Dumping data for table `characteristic`
--

LOCK TABLES `characteristic` WRITE;
/*!40000 ALTER TABLE `characteristic` DISABLE KEYS */;
INSERT INTO `characteristic` VALUES (1,1,0,10,4,20,15,43),(2,2,0,8,4,20,15,43),(3,3,0,10,40,15,22,4),(4,4,0,10,20,4,40,22),(5,5,0,10,2,19,21,40),(6,6,0,8,2,21,20,40),(7,7,0,10,3,19,16,46),(8,8,0,5,8,19,13,44),(9,9,0,8,2,20,20,40),(10,10,0,10,2,30,18,32),(11,11,0,9,2,17,20,44),(12,12,0,8,2,19,20,42),(13,13,0,10,5,19,11,46),(14,14,0,10,5,21,18,40),(15,15,0,10,2,17,20,42),(16,16,0,10,2,15,20,44),(17,17,0,10,2,19,18,44),(18,18,0,10,2,22,19,41),(19,19,0,10,3,21,17,40),(20,20,0,10,2,25,13,40),(21,21,0,10,6,15,16,44),(22,22,0,10,1,17,18,44),(23,23,0,0,40,20,19,2),(24,24,0,0,21,3,40,19),(25,25,0,81,1,6,2,7),(26,26,0,10,3,20,20,42),(27,27,0,8,1,14,19,47),(28,28,0,0,21,2,40,19),(29,29,0,10,3,15,19,47),(30,30,0,10,6,15,15,44),(31,31,0,10,1,15,20,44),(32,32,0,10,1,15,20,44),(33,33,0,0,2,21,20,40),(34,34,0,10,3,16,20,42),(35,35,0,10,3,18,20,40),(36,36,0,10,3,5,15,58),(37,37,0,10,3,4,15,57),(38,38,0,0,16,46,3,16),(39,39,0,10,1,7,22,48),(40,40,0,10,3,18,20,40),(41,41,0,84,1,1,1,12),(42,42,0,8,1,17,20,44),(43,43,0,10,1,17,20,42),(44,44,0,10,3,20,14,44),(45,45,0,0,3,18,20,40),(46,NULL,0,9,1,31,20,30),(47,46,0,10,4,20,15,43),(48,47,0,8,4,20,15,43),(49,48,0,10,40,15,22,4),(50,49,0,10,20,4,40,22),(51,50,0,10,2,19,21,40),(52,51,0,8,2,21,20,40),(53,52,0,10,3,19,16,46),(54,53,0,5,8,19,13,44),(55,54,0,8,2,20,20,40),(56,55,0,10,2,30,18,32),(57,56,0,9,2,17,20,44),(58,57,0,8,2,19,20,42),(59,58,0,10,5,19,11,46),(60,59,0,10,5,21,18,40),(61,60,0,10,2,17,20,42),(62,61,0,10,2,15,20,44),(63,62,0,10,2,19,18,44),(64,63,0,10,2,22,19,41),(65,64,0,10,3,21,17,40),(66,65,0,10,2,25,13,40),(67,66,0,10,6,15,16,44),(68,67,0,10,1,17,18,44),(69,68,0,0,40,20,19,2),(70,69,0,0,21,3,40,19),(71,70,0,81,1,6,2,7),(72,71,0,10,3,20,20,42),(73,72,0,8,1,14,19,47),(74,73,0,0,21,2,40,19),(75,74,0,10,3,15,19,47),(76,75,0,10,6,15,15,44),(77,76,0,10,1,15,20,44),(78,77,0,10,1,15,20,44),(79,78,0,0,2,21,20,40),(80,79,0,10,3,16,20,42),(81,80,0,10,3,18,20,40),(82,81,0,10,3,5,15,58),(83,82,0,10,3,4,15,57),(84,83,0,0,16,46,3,16),(85,84,0,10,1,7,22,48),(86,85,0,10,3,18,20,40),(87,86,0,84,1,1,1,12),(88,87,0,8,1,17,20,44),(89,88,0,10,1,17,20,42),(90,89,0,10,3,20,14,44),(91,90,0,0,3,18,20,40),(92,NULL,0,9,1,31,20,30),(93,91,0,10,4,20,15,43),(94,92,0,8,4,20,15,43),(95,93,0,10,40,15,22,4),(96,94,0,10,20,4,40,22),(97,95,0,10,2,19,21,40),(98,96,0,8,2,21,20,40),(99,97,0,10,3,19,16,46),(100,98,0,5,8,19,13,44),(101,99,0,8,2,20,20,40),(102,100,0,10,2,30,18,32),(103,101,0,9,2,17,20,44),(104,102,0,8,2,19,20,42),(105,103,0,10,5,19,11,46),(106,104,0,10,5,21,18,40),(107,105,0,10,2,17,20,42),(108,106,0,10,2,15,20,44),(109,107,0,10,2,19,18,44),(110,108,0,10,2,22,19,41),(111,109,0,10,3,21,17,40),(112,110,0,10,2,25,13,40),(113,111,0,10,6,15,16,44),(114,112,0,10,1,17,18,44),(115,113,0,0,40,20,19,2),(116,114,0,0,21,3,40,19),(117,115,0,81,1,6,2,7),(118,116,0,10,3,20,20,42),(119,117,0,8,1,14,19,47),(120,118,0,0,21,2,40,19),(121,119,0,10,3,15,19,47),(122,120,0,10,6,15,15,44),(123,121,0,10,1,15,20,44),(124,122,0,10,1,15,20,44),(125,123,0,0,2,21,20,40),(126,124,0,10,3,16,20,42),(127,125,0,10,3,18,20,40),(128,126,0,10,3,5,15,58),(129,127,0,10,3,4,15,57),(130,128,0,0,16,46,3,16),(131,129,0,10,1,7,22,48),(132,130,0,10,3,18,20,40),(133,131,0,84,1,1,1,12),(134,132,0,8,1,17,20,44),(135,133,0,10,1,17,20,42),(136,134,0,10,3,20,14,44),(137,135,0,0,3,18,20,40),(138,NULL,0,9,1,31,20,30),(139,136,0,10,4,20,15,43),(140,137,0,8,4,20,15,43),(141,138,0,10,40,15,22,4),(142,139,0,10,20,4,40,22),(143,140,0,10,2,19,21,40),(144,141,0,8,2,21,20,40),(145,142,0,10,3,19,16,46),(146,143,0,5,8,19,13,44),(147,144,0,8,2,20,20,40),(148,145,0,10,2,30,18,32),(149,146,0,9,2,17,20,44),(150,147,0,8,2,19,20,42),(151,148,0,10,5,19,11,46),(152,149,0,10,5,21,18,40),(153,150,0,10,2,17,20,42),(154,151,0,10,2,15,20,44),(155,152,0,10,2,19,18,44),(156,153,0,10,2,22,19,41),(157,154,0,10,3,21,17,40),(158,155,0,10,2,25,13,40),(159,156,0,10,6,15,16,44),(160,157,0,10,1,17,18,44),(161,158,0,0,40,20,19,2),(162,159,0,0,21,3,40,19),(163,160,0,81,1,6,2,7),(164,161,0,10,3,20,20,42),(165,162,0,8,1,14,19,47),(166,163,0,0,21,2,40,19),(167,164,0,10,3,15,19,47),(168,165,0,10,6,15,15,44),(169,166,0,10,1,15,20,44),(170,167,0,10,1,15,20,44),(171,168,0,0,2,21,20,40),(172,169,0,10,3,16,20,42),(173,170,0,10,3,18,20,40),(174,171,0,10,3,5,15,58),(175,172,0,10,3,4,15,57),(176,173,0,0,16,46,3,16),(177,174,0,10,1,7,22,48),(178,175,0,10,3,18,20,40),(179,176,0,84,1,1,1,12),(180,177,0,8,1,17,20,44),(181,178,0,10,1,17,20,42),(182,179,0,10,3,20,14,44),(183,180,0,0,3,18,20,40),(184,NULL,0,9,1,31,20,30),(185,181,0,10,4,20,15,43),(186,182,0,8,4,20,15,43),(187,183,0,10,40,15,22,4),(188,184,0,10,20,4,40,22),(189,185,0,10,2,19,21,40),(190,186,0,8,2,21,20,40),(191,187,0,10,3,19,16,46),(192,188,0,5,8,19,13,44),(193,189,0,8,2,20,20,40),(194,190,0,10,2,30,18,32),(195,191,0,9,2,17,20,44),(196,192,0,8,2,19,20,42),(197,193,0,10,5,19,11,46),(198,194,0,10,5,21,18,40),(199,195,0,10,2,17,20,42),(200,196,0,10,2,15,20,44),(201,197,0,10,2,19,18,44),(202,198,0,10,2,22,19,41),(203,199,0,10,3,21,17,40),(204,200,0,10,2,25,13,40),(205,201,0,10,6,15,16,44),(206,202,0,10,1,17,18,44),(207,203,0,0,40,20,19,2),(208,204,0,0,21,3,40,19),(209,205,0,81,1,6,2,7),(210,206,0,10,3,20,20,42),(211,207,0,8,1,14,19,47),(212,208,0,0,21,2,40,19),(213,209,0,10,3,15,19,47),(214,210,0,10,6,15,15,44),(215,211,0,10,1,15,20,44),(216,212,0,10,1,15,20,44),(217,213,0,0,2,21,20,40),(218,214,0,10,3,16,20,42),(219,215,0,10,3,18,20,40),(220,216,0,10,3,5,15,58),(221,217,0,10,3,4,15,57),(222,218,0,0,16,46,3,16),(223,219,0,10,1,7,22,48),(224,220,0,10,3,18,20,40),(225,221,0,84,1,1,1,12),(226,222,0,8,1,17,20,44),(227,223,0,10,1,17,20,42),(228,224,0,10,3,20,14,44),(229,225,0,0,3,18,20,40),(230,NULL,0,9,1,31,20,30),(231,226,0,10,4,20,15,43),(232,227,0,8,4,20,15,43),(233,228,0,10,40,15,22,4),(234,229,0,10,20,4,40,22),(235,230,0,10,2,19,21,40),(236,231,0,8,2,21,20,40),(237,232,0,10,3,19,16,46),(238,233,0,5,8,19,13,44),(239,234,0,8,2,20,20,40),(240,235,0,10,2,30,18,32),(241,236,0,9,2,17,20,44),(242,237,0,8,2,19,20,42),(243,238,0,10,5,19,11,46),(244,239,0,10,5,21,18,40),(245,240,0,10,2,17,20,42),(246,241,0,10,2,15,20,44),(247,242,0,10,2,19,18,44),(248,243,0,10,2,22,19,41),(249,244,0,10,3,21,17,40),(250,245,0,10,2,25,13,40),(251,246,0,10,6,15,16,44),(252,247,0,10,1,17,18,44),(253,248,0,0,40,20,19,2),(254,249,0,0,21,3,40,19),(255,250,0,81,1,6,2,7),(256,251,0,10,3,20,20,42),(257,252,0,8,1,14,19,47),(258,253,0,0,21,2,40,19),(259,254,0,10,3,15,19,47),(260,255,0,10,6,15,15,44),(261,256,0,10,1,15,20,44),(262,257,0,10,1,15,20,44),(263,258,0,0,2,21,20,40),(264,259,0,10,3,16,20,42),(265,260,0,10,3,18,20,40),(266,261,0,10,3,5,15,58),(267,262,0,10,3,4,15,57),(268,263,0,0,16,46,3,16),(269,264,0,10,1,7,22,48),(270,265,0,10,3,18,20,40),(271,266,0,84,1,1,1,12),(272,267,0,8,1,17,20,44),(273,268,0,10,1,17,20,42),(274,269,0,10,3,20,14,44),(275,270,0,0,3,18,20,40),(276,NULL,0,9,1,31,20,30);
/*!40000 ALTER TABLE `characteristic` ENABLE KEYS */;
UNLOCK TABLES;

--
-- Table structure for table `doctrine_migration_versions`
--

DROP TABLE IF EXISTS `doctrine_migration_versions`;
/*!40101 SET @saved_cs_client     = @@character_set_client */;
/*!50503 SET character_set_client = utf8mb4 */;
CREATE TABLE `doctrine_migration_versions` (
  `version` varchar(191) COLLATE utf8_unicode_ci NOT NULL,
  `executed_at` datetime DEFAULT NULL,
  `execution_time` int DEFAULT NULL,
  PRIMARY KEY (`version`)
) ENGINE=InnoDB DEFAULT CHARSET=utf8mb3 COLLATE=utf8_unicode_ci;
/*!40101 SET character_set_client = @saved_cs_client */;

--
-- Dumping data for table `doctrine_migration_versions`
--

LOCK TABLES `doctrine_migration_versions` WRITE;
/*!40000 ALTER TABLE `doctrine_migration_versions` DISABLE KEYS */;
INSERT INTO `doctrine_migration_versions` VALUES ('DoctrineMigrations\\Version20221229165407','2022-12-29 16:54:21',34),('DoctrineMigrations\\Version20221229165723','2022-12-29 16:57:33',38),('DoctrineMigrations\\Version20221229170603','2022-12-29 17:06:10',97),('DoctrineMigrations\\Version20221229171736','2022-12-29 17:18:04',74),('DoctrineMigrations\\Version20230214143048','2023-02-14 14:30:59',70);
/*!40000 ALTER TABLE `doctrine_migration_versions` ENABLE KEYS */;
UNLOCK TABLES;

--
-- Table structure for table `produit`
--

DROP TABLE IF EXISTS `produit`;
/*!40101 SET @saved_cs_client     = @@character_set_client */;
/*!50503 SET character_set_client = utf8mb4 */;
CREATE TABLE `produit` (
  `id` int NOT NULL AUTO_INCREMENT,
  `name` varchar(255) COLLATE utf8mb4_unicode_ci NOT NULL,
  `url` varchar(255) COLLATE utf8mb4_unicode_ci DEFAULT NULL,
  `urlimage` varchar(255) COLLATE utf8mb4_unicode_ci DEFAULT NULL,
  `validate` tinyint(1) NOT NULL,
  `sterilise` tinyint(1) NOT NULL,
  `product_id` varchar(255) COLLATE utf8mb4_unicode_ci DEFAULT NULL,
  `created_at` datetime NOT NULL,
  `modify_at` datetime DEFAULT NULL,
  `brand_id` int NOT NULL,
  PRIMARY KEY (`id`),
  KEY `IDX_29A5EC2744F5D008` (`brand_id`),
  CONSTRAINT `FK_29A5EC2744F5D008` FOREIGN KEY (`brand_id`) REFERENCES `brand` (`id`)
) ENGINE=InnoDB AUTO_INCREMENT=271 DEFAULT CHARSET=utf8mb4 COLLATE=utf8mb4_unicode_ci;
/*!40101 SET character_set_client = @saved_cs_client */;

--
-- Dumping data for table `produit`
--

LOCK TABLES `produit` WRITE;
/*!40000 ALTER TABLE `produit` DISABLE KEYS */;
INSERT INTO `produit` VALUES (1,'Light & Sterilised Sans Céréales chat adulte','https://www.zoomalia.com/animalerie/quality-sens-light-sterilized-grain-free-sans-cereales-pour-chat-sterilise-ou-en-surpoids-p-28356.html','https://nicepet.fr/wp-content/uploads/2022/04/quality-sens-sterilized-1.png',1,1,'edc165bb-cf91-42fb-9a7a-1d49bdb37de6','2022-12-30 11:46:05',NULL,3),(2,'Just Grain Free au poulet chat adulte','','https://nicepet.fr/wp-content/uploads/2022/04/ownat-adult-chiken.png',1,1,'e201e586-26f4-4f8d-a905-2ee4da7ebdd7','2022-12-30 11:46:05',NULL,4),(3,'Inne Cat Adult au poulet pour chat','','https://nicepet.fr/wp-content/uploads/2022/04/inne-cat-adult-poulet.png',1,1,'f0413a3e-0af7-4b0c-90d7-bc442837a9e8','2022-12-30 11:46:05',NULL,5),(4,'high meat au saumon et thon chat adulte','','https://nicepet.fr/wp-content/uploads/2022/04/true-instinct.png',1,1,'45d4199b-c2ed-4655-a4b6-84cbb2d657b9','2022-12-30 11:46:05',NULL,6),(5,'Cat High Meat poulet','','https://nicepet.fr/wp-content/uploads/2022/09/337-removebg-preview-e1662112559565.png',1,1,'c926bbad-bde5-413a-b601-e5e806e66e29','2022-12-30 11:46:05',NULL,7),(6,'Adultes et chatons de tout âge','','https://nicepet.fr/wp-content/uploads/2022/04/ultra-premium.png',1,1,'803e430a-8034-4128-a752-d5a76ffa4871','2022-12-30 11:46:05',NULL,8),(7,'Sterilised','','https://nicepet.fr/wp-content/uploads/2022/04/nutrivet.png',1,1,'aa145547-6a31-46fd-8d04-657b4feb47a2','2022-12-30 11:46:05',NULL,9),(8,'Cat Adult Neutered','','https://nicepet.fr/wp-content/uploads/2022/04/virbac.png',1,1,'91675807-3ac1-4c55-8710-e8ccc9a76491','2022-12-30 11:46:05',NULL,10),(9,'Grain Free Adult poulet & dinde','','https://nicepet.fr/wp-content/uploads/2022/04/ownat-2.png',1,1,'1326382e-f85c-4438-bcae-d62ab2937ef4','2022-12-30 11:46:05',NULL,11),(10,'Adult Wild Hills Canard et volaille','','https://nicepet.fr/wp-content/uploads/2022/04/wild-freedom.png',1,1,'39709e5e-311d-473b-bc8b-3049fa28f258','2022-12-30 11:46:05',NULL,12),(11,'Adult Poulet & poisson','','https://nicepet.fr/wp-content/uploads/2022/04/purizon.png',1,1,'75858757-4fe0-4324-a72c-40327f6cbc62','2022-12-30 11:46:05',NULL,13),(12,'Adult Agneau & poisson','','https://nicepet.fr/wp-content/uploads/2022/04/purizon-2.png',1,1,'8838ba1f-5f6d-41b5-8ba4-6ffcb73ef5ff','2022-12-30 11:46:05',NULL,14),(13,'Adult Sterilised Poulet, poisson','','https://nicepet.fr/wp-content/uploads/2022/04/purizon-3.png',1,1,'62857839-b77f-4b16-afae-3d747e4ae29d','2022-12-30 11:46:05',NULL,15),(14,'Adult hairball control canard & faisan','','https://nicepet.fr/wp-content/uploads/2022/04/carnilove.png',1,1,'aa10f3ff-6cbc-43fc-970a-0882fb7d9461','2022-12-30 11:46:05',NULL,16),(15,'Adult Cerf & poisson','','https://nicepet.fr/wp-content/uploads/2022/04/purizon-4.png',1,1,'cc720a97-e921-49c5-bc4e-5552228157a0','2022-12-30 11:46:05',NULL,17),(16,'Adult Canard & Poisson','','https://nicepet.fr/wp-content/uploads/2022/04/purizon-5.png',1,1,'eb5f4069-1b7b-47cc-8e56-1829ee95a35a','2022-12-30 11:46:05',NULL,18),(17,'Low Grain, Chaton et Chat actif adulte','','https://nicepet.fr/wp-content/uploads/2022/04/maison-moulin.png',1,1,'114d839f-e32b-440b-b3f7-61e0dac21fdc','2022-12-30 11:46:05',NULL,19),(18,'Adult Energy and Outdoor, renne pour chat','','https://nicepet.fr/wp-content/uploads/2022/08/1572-removebg-preview-1-e1661781805679.png',1,1,'540fc5f2-4a35-4b95-a616-4f289dd22443','2022-12-30 11:46:05',NULL,20),(19,'Adult saumon, poisson blanc pour chat','https://marketing.net.zooplus.fr/ts/i3971185/tsc?amc=con.zooplus.503174.514120.8396&rmd=3&trg=http%3A%2F%2Fwww.zooplus.fr/shop/chats/croquettes_chat/crave_croquettes_chat/croquettes/713022?origin=hopps&q=crave&i=3&ro=1','https://nicepet.fr/wp-content/uploads/2022/08/1809-removebg-preview-e1661783935335.png',1,1,'298e3808-158c-4848-b5cc-54774bb4ccef','2022-12-30 11:46:05',NULL,21),(20,'Grain Free Adult stérilisé poulet frais','','https://nicepet.fr/wp-content/uploads/2022/08/2070-e1661785026843.jpg',1,1,'b067f4e6-f956-4dc8-b02b-15837c4242e4','2022-12-30 11:46:05',NULL,22),(21,'Veterinary HPM Saumon','https://marketing.net.zooplus.fr/ts/i3971185/tsc?amc=con.zooplus.503174.514120.8396&rmd=3&trg=http%3A%2F%2Fwww.zooplus.fr//shop/chats/croquettes_chat/virbac_vet_hpm/obesite_surpoids_virbac/617091?origin=hopps&q=virbac%20chat%20saumon&i=1&ro=1','https://nicepet.fr/wp-content/uploads/2022/08/349-removebg-preview-e1661791450259.png',1,1,'1c15bf2b-1d4e-45aa-b1d7-3b3e71cec854','2022-12-30 11:46:05',NULL,23),(22,'Wild Frontier - Junior saumon, poissons blancs ','','https://nicepet.fr/wp-content/uploads/2022/08/2290-removebg-preview-e1661850811785.png',1,1,'e52e588f-558a-4571-a5d2-5ca66d6eb916','2022-12-30 11:46:05',NULL,24),(23,'Wild Frontier Saumon & Poisson Blanc Sans Céréales chat adulte','','',1,1,'44546167-c346-4ad5-879c-819823c4aa22','2022-12-30 11:46:05',NULL,25),(24,'Grain Free Hair & Skin Care chat adulte','','',1,1,'b91a5cb8-4389-4d5b-bea1-98d6259fac49','2022-12-30 11:46:05',NULL,26),(25,'Science Plan- Adult Light Poulet','https://marketing.net.zooplus.fr/ts/i3971185/tsc?amc=con.zooplus.503174.514120.8396&rmd=3&trg=http%3A%2F%2Fwww.zooplus.fr/shop/chats/croquettes_chat/hills_feline_croquettes_chat/hills_feline_light_croquettes_chat/15525?origin=hopps&q=hills%20chat&i=8&ro=1','https://nicepet.fr/wp-content/uploads/2022/08/1107-removebg-preview-e1661852256777.png',1,1,'1d5eba2f-ddce-467d-ab48-4ad4dd33d816','2022-12-30 11:46:05',NULL,27),(26,'Cat & Kitten Dinde, Hareng, Maquereau, Céréales, Poulet, Sardine','','https://nicepet.fr/wp-content/uploads/2022/08/2509-removebg-preview-e1661852650727.png',1,1,'e4409580-3b64-44d4-a018-be6ca56b323a','2022-12-30 11:46:05',NULL,28),(27,'Poulet, Dinde et Canard','','https://nicepet.fr/wp-content/uploads/2022/08/1982-removebg-preview-e1661853076983.png',1,1,'f2cb2254-4b76-4cc5-9532-d81f3ec78c3a','2022-12-30 11:46:05',NULL,29),(28,'Thrive PremiumPlus, poulet pour chat','','',0,1,'18a46f4d-0f24-48c7-b764-6b8b79036ab0','2022-12-30 11:46:05',NULL,30),(29,'Premium chat actif Poulet frais','','https://nicepet.fr/wp-content/uploads/2022/08/2739-removebg-preview-e1661853441377.png',1,1,'1514b043-64c7-4abd-aeab-05214d3b8003','2022-12-30 11:46:05',NULL,31),(30,'Fit & Trim 7 animaux différents','','https://nicepet.fr/wp-content/uploads/2022/08/1617-removebg-preview-e1661853733782.png',1,1,'92638102-4e05-4449-86ab-de9fbe72ce53','2022-12-30 11:46:05',NULL,32),(31,'Au Sanglier & Pomme','','https://nicepet.fr/wp-content/uploads/2022/08/2014-removebg-preview-e1661940966999.png',1,1,'130c92c3-9269-4ff1-a711-c1c761137fe7','2022-12-30 11:46:05',NULL,33),(32,'Chat adulte Poisson et orange ','','https://nicepet.fr/wp-content/uploads/2022/08/1653-removebg-preview-e1661941159131.png',1,1,'ffec10eb-1b92-4521-b9ce-c538c5c57f2b','2022-12-30 11:46:05',NULL,34),(33,'Amikinos Référence Chat adulte et senior','','',0,1,'12613c30-5508-4553-9252-ff74fb2c7213','2022-12-30 11:46:05',NULL,35),(34,'6 poissons','','https://nicepet.fr/wp-content/uploads/2022/08/318-removebg-preview-e1661941447281.png',1,1,'b00616b3-6f12-4245-9ae9-077bd2e2d585','2022-12-30 11:46:05',NULL,36),(35,'Regional Red','','https://nicepet.fr/wp-content/uploads/2022/08/316-removebg-preview-e1661941610409.png',1,1,'61aacd19-4198-42f1-8c32-1112c0aabded','2022-12-30 11:46:05',NULL,37),(36,'Croquettes chat pressées à froid - DINDE','https://marketing.net.zooplus.fr/ts/i3971185/tsc?amc=con.zooplus.503174.514120.8396&rmd=3&trg=http%3A%2F%2Fwww.zooplus.fr/shop/chats/croquettes_chat/feringa/adulte/987926?origin=hopps&q=feringa%20croquette&i=5&ro=1','https://nicepet.fr/wp-content/uploads/2022/08/2909-removebg-preview-e1661941956713.png',1,1,'d8e0997b-b312-4519-8a90-67837e39253d','2022-12-30 11:46:05',NULL,38),(37,'Croquettes chat pressées à froid - POULET','https://marketing.net.zooplus.fr/ts/i3971185/tsc?amc=con.zooplus.503174.514120.8396&rmd=3&trg=http%3A%2F%2Fwww.zooplus.fr/shop/chats/croquettes_chat/feringa/adulte/987850?origin=hopps&q=feringa%20poulet&i=11&ro=1','https://nicepet.fr/wp-content/uploads/2022/09/2909-removebg-preview-e1662038414676.png',1,1,'28936116-2773-4f3d-b0ed-82d4ebfbdc02','2022-12-30 11:46:05',NULL,39),(38,'Lapin et brocoli','','',1,1,'4a228377-ee4d-4962-b8dd-f44ab6908c71','2022-12-30 11:46:05',NULL,40),(39,'PreniumPlus 90% Poulet','https://marketing.net.zooplus.fr/ts/i3971185/tsc?amc=con.zooplus.503174.514120.8396&rmd=3&trg=http%3A%2F%2Fwww.zooplus.fr/shop/chats/croquettes_chat/thrive/573691?origin=hopps&q=thrive%20poulet&i=4&ro=1','https://nicepet.fr/wp-content/uploads/2022/09/1816-removebg-preview-e1662038909164.png',1,1,'1f345abd-1ffe-4540-bf33-53ffe7d10b5f','2022-12-30 11:46:05',NULL,41),(40,'Tundra 8 animaux différents','','https://nicepet.fr/wp-content/uploads/2022/09/1616-removebg-preview-e1662039282177.png',1,1,'6e1da86d-df1d-4d51-9b3e-9a0b1de66726','2022-12-30 11:46:05',NULL,42),(41,'Gelée poulet et boeuf','','https://nicepet.fr/wp-content/uploads/2022/09/2490-removebg-preview-e1662039841664.png',1,1,'a357f74a-106c-4665-8d97-75555f71fbb6','2022-12-30 11:46:05',NULL,43),(42,'Océan sans céréales Hareng, potiron, Orange','https://marketing.net.zooplus.fr/ts/i3971185/tsc?amc=con.zooplus.503174.514120.8396&rmd=3&trg=http%3A%2F%2Fwww.zooplus.fr/shop/chats/croquettes_chat/farmina/nd_ocean/837786?origin=hopps&q=farmina%20hareng&i=1&ro=1','https://nicepet.fr/wp-content/uploads/2022/09/2265-removebg-preview-e1662040196262.png',1,1,'27629198-7f38-417a-83ae-732d8b997df2','2022-12-30 11:46:05',NULL,44),(43,'Grain Free Potiron Cerf & Pomme','','https://nicepet.fr/wp-content/uploads/2022/09/2017-removebg-preview-e1662111539183.png',1,1,'8d7c1cc8-583d-4958-9628-00ea9dc53014','2022-12-30 11:46:05',NULL,45),(44,'Adult Sterilised dinde, poulet - sans céréales pour chat','https://marketing.net.zooplus.fr/ts/i3971185/tsc?amc=con.zooplus.503174.514120.8396&rmd=3&trg=http%3A%2F%2Fwww.zooplus.fr/chats/croquettes_chat/croquettes_chat_purizon/purizon_chat_sterilise/987045?origin=hopps&q=nutro%20sterilised&i=2&ro=1&ct=Chat','https://nicepet.fr/wp-content/uploads/2022/09/2578-removebg-preview-e1662112181388.png',1,1,'5c8206d1-f030-4fc5-89e1-71762144ff80','2022-12-30 11:46:05',NULL,46),(45,'High Meat poulet','','',1,1,'6120fb92-c59b-4147-ba17-5afa18a5ab46','2022-12-30 11:46:05',NULL,47),(46,'Light & Sterilised Sans Céréales chat adulte','https://www.zoomalia.com/animalerie/quality-sens-light-sterilized-grain-free-sans-cereales-pour-chat-sterilise-ou-en-surpoids-p-28356.html','https://nicepet.fr/wp-content/uploads/2022/04/quality-sens-sterilized-1.png',1,1,'edc165bb-cf91-42fb-9a7a-1d49bdb37de6','2023-01-02 17:12:17',NULL,49),(47,'Just Grain Free au poulet chat adulte','','https://nicepet.fr/wp-content/uploads/2022/04/ownat-adult-chiken.png',1,1,'e201e586-26f4-4f8d-a905-2ee4da7ebdd7','2023-01-02 17:12:17',NULL,50),(48,'Inne Cat Adult au poulet pour chat','','https://nicepet.fr/wp-content/uploads/2022/04/inne-cat-adult-poulet.png',1,1,'f0413a3e-0af7-4b0c-90d7-bc442837a9e8','2023-01-02 17:12:17',NULL,51),(49,'high meat au saumon et thon chat adulte','','https://nicepet.fr/wp-content/uploads/2022/04/true-instinct.png',1,1,'45d4199b-c2ed-4655-a4b6-84cbb2d657b9','2023-01-02 17:12:17',NULL,52),(50,'Cat High Meat poulet','','https://nicepet.fr/wp-content/uploads/2022/09/337-removebg-preview-e1662112559565.png',1,1,'c926bbad-bde5-413a-b601-e5e806e66e29','2023-01-02 17:12:17',NULL,53),(51,'Adultes et chatons de tout âge','','https://nicepet.fr/wp-content/uploads/2022/04/ultra-premium.png',1,1,'803e430a-8034-4128-a752-d5a76ffa4871','2023-01-02 17:12:17',NULL,54),(52,'Sterilised','','https://nicepet.fr/wp-content/uploads/2022/04/nutrivet.png',1,1,'aa145547-6a31-46fd-8d04-657b4feb47a2','2023-01-02 17:12:17',NULL,55),(53,'Cat Adult Neutered','','https://nicepet.fr/wp-content/uploads/2022/04/virbac.png',1,1,'91675807-3ac1-4c55-8710-e8ccc9a76491','2023-01-02 17:12:17',NULL,56),(54,'Grain Free Adult poulet & dinde','','https://nicepet.fr/wp-content/uploads/2022/04/ownat-2.png',1,1,'1326382e-f85c-4438-bcae-d62ab2937ef4','2023-01-02 17:12:17',NULL,57),(55,'Adult Wild Hills Canard et volaille','','https://nicepet.fr/wp-content/uploads/2022/04/wild-freedom.png',1,1,'39709e5e-311d-473b-bc8b-3049fa28f258','2023-01-02 17:12:17',NULL,58),(56,'Adult Poulet & poisson','','https://nicepet.fr/wp-content/uploads/2022/04/purizon.png',1,1,'75858757-4fe0-4324-a72c-40327f6cbc62','2023-01-02 17:12:17',NULL,59),(57,'Adult Agneau & poisson','','https://nicepet.fr/wp-content/uploads/2022/04/purizon-2.png',1,1,'8838ba1f-5f6d-41b5-8ba4-6ffcb73ef5ff','2023-01-02 17:12:17',NULL,60),(58,'Adult Sterilised Poulet, poisson','','https://nicepet.fr/wp-content/uploads/2022/04/purizon-3.png',1,1,'62857839-b77f-4b16-afae-3d747e4ae29d','2023-01-02 17:12:17',NULL,61),(59,'Adult hairball control canard & faisan','','https://nicepet.fr/wp-content/uploads/2022/04/carnilove.png',1,1,'aa10f3ff-6cbc-43fc-970a-0882fb7d9461','2023-01-02 17:12:17',NULL,62),(60,'Adult Cerf & poisson','','https://nicepet.fr/wp-content/uploads/2022/04/purizon-4.png',1,1,'cc720a97-e921-49c5-bc4e-5552228157a0','2023-01-02 17:12:17',NULL,63),(61,'Adult Canard & Poisson','','https://nicepet.fr/wp-content/uploads/2022/04/purizon-5.png',1,1,'eb5f4069-1b7b-47cc-8e56-1829ee95a35a','2023-01-02 17:12:17',NULL,64),(62,'Low Grain, Chaton et Chat actif adulte','','https://nicepet.fr/wp-content/uploads/2022/04/maison-moulin.png',1,1,'114d839f-e32b-440b-b3f7-61e0dac21fdc','2023-01-02 17:12:17',NULL,65),(63,'Adult Energy and Outdoor, renne pour chat','','https://nicepet.fr/wp-content/uploads/2022/08/1572-removebg-preview-1-e1661781805679.png',1,1,'540fc5f2-4a35-4b95-a616-4f289dd22443','2023-01-02 17:12:17',NULL,66),(64,'Adult saumon, poisson blanc pour chat','https://marketing.net.zooplus.fr/ts/i3971185/tsc?amc=con.zooplus.503174.514120.8396&rmd=3&trg=http%3A%2F%2Fwww.zooplus.fr/shop/chats/croquettes_chat/crave_croquettes_chat/croquettes/713022?origin=hopps&q=crave&i=3&ro=1','https://nicepet.fr/wp-content/uploads/2022/08/1809-removebg-preview-e1661783935335.png',1,1,'298e3808-158c-4848-b5cc-54774bb4ccef','2023-01-02 17:12:17',NULL,67),(65,'Grain Free Adult stérilisé poulet frais','','https://nicepet.fr/wp-content/uploads/2022/08/2070-e1661785026843.jpg',1,1,'b067f4e6-f956-4dc8-b02b-15837c4242e4','2023-01-02 17:12:17',NULL,68),(66,'Veterinary HPM Saumon','https://marketing.net.zooplus.fr/ts/i3971185/tsc?amc=con.zooplus.503174.514120.8396&rmd=3&trg=http%3A%2F%2Fwww.zooplus.fr//shop/chats/croquettes_chat/virbac_vet_hpm/obesite_surpoids_virbac/617091?origin=hopps&q=virbac%20chat%20saumon&i=1&ro=1','https://nicepet.fr/wp-content/uploads/2022/08/349-removebg-preview-e1661791450259.png',1,1,'1c15bf2b-1d4e-45aa-b1d7-3b3e71cec854','2023-01-02 17:12:17',NULL,69),(67,'Wild Frontier - Junior saumon, poissons blancs ','','https://nicepet.fr/wp-content/uploads/2022/08/2290-removebg-preview-e1661850811785.png',1,1,'e52e588f-558a-4571-a5d2-5ca66d6eb916','2023-01-02 17:12:17',NULL,70),(68,'Wild Frontier Saumon & Poisson Blanc Sans Céréales chat adulte','','',1,1,'44546167-c346-4ad5-879c-819823c4aa22','2023-01-02 17:12:17',NULL,71),(69,'Grain Free Hair & Skin Care chat adulte','','',1,1,'b91a5cb8-4389-4d5b-bea1-98d6259fac49','2023-01-02 17:12:17',NULL,72),(70,'Science Plan- Adult Light Poulet','https://marketing.net.zooplus.fr/ts/i3971185/tsc?amc=con.zooplus.503174.514120.8396&rmd=3&trg=http%3A%2F%2Fwww.zooplus.fr/shop/chats/croquettes_chat/hills_feline_croquettes_chat/hills_feline_light_croquettes_chat/15525?origin=hopps&q=hills%20chat&i=8&ro=1','https://nicepet.fr/wp-content/uploads/2022/08/1107-removebg-preview-e1661852256777.png',1,1,'1d5eba2f-ddce-467d-ab48-4ad4dd33d816','2023-01-02 17:12:17',NULL,73),(71,'Cat & Kitten Dinde, Hareng, Maquereau, Céréales, Poulet, Sardine','','https://nicepet.fr/wp-content/uploads/2022/08/2509-removebg-preview-e1661852650727.png',1,1,'e4409580-3b64-44d4-a018-be6ca56b323a','2023-01-02 17:12:17',NULL,74),(72,'Poulet, Dinde et Canard','','https://nicepet.fr/wp-content/uploads/2022/08/1982-removebg-preview-e1661853076983.png',1,1,'f2cb2254-4b76-4cc5-9532-d81f3ec78c3a','2023-01-02 17:12:17',NULL,75),(73,'Thrive PremiumPlus, poulet pour chat','','',0,1,'18a46f4d-0f24-48c7-b764-6b8b79036ab0','2023-01-02 17:12:17',NULL,76),(74,'Premium chat actif Poulet frais','','https://nicepet.fr/wp-content/uploads/2022/08/2739-removebg-preview-e1661853441377.png',1,1,'1514b043-64c7-4abd-aeab-05214d3b8003','2023-01-02 17:12:17',NULL,77),(75,'Fit & Trim 7 animaux différents','','https://nicepet.fr/wp-content/uploads/2022/08/1617-removebg-preview-e1661853733782.png',1,1,'92638102-4e05-4449-86ab-de9fbe72ce53','2023-01-02 17:12:17',NULL,78),(76,'Au Sanglier & Pomme','','https://nicepet.fr/wp-content/uploads/2022/08/2014-removebg-preview-e1661940966999.png',1,1,'130c92c3-9269-4ff1-a711-c1c761137fe7','2023-01-02 17:12:17',NULL,79),(77,'Chat adulte Poisson et orange ','','https://nicepet.fr/wp-content/uploads/2022/08/1653-removebg-preview-e1661941159131.png',1,1,'ffec10eb-1b92-4521-b9ce-c538c5c57f2b','2023-01-02 17:12:17',NULL,80),(78,'Amikinos Référence Chat adulte et senior','','',0,1,'12613c30-5508-4553-9252-ff74fb2c7213','2023-01-02 17:12:17',NULL,81),(79,'6 poissons','','https://nicepet.fr/wp-content/uploads/2022/08/318-removebg-preview-e1661941447281.png',1,1,'b00616b3-6f12-4245-9ae9-077bd2e2d585','2023-01-02 17:12:17',NULL,82),(80,'Regional Red','','https://nicepet.fr/wp-content/uploads/2022/08/316-removebg-preview-e1661941610409.png',1,1,'61aacd19-4198-42f1-8c32-1112c0aabded','2023-01-02 17:12:17',NULL,83),(81,'Croquettes chat pressées à froid - DINDE','https://marketing.net.zooplus.fr/ts/i3971185/tsc?amc=con.zooplus.503174.514120.8396&rmd=3&trg=http%3A%2F%2Fwww.zooplus.fr/shop/chats/croquettes_chat/feringa/adulte/987926?origin=hopps&q=feringa%20croquette&i=5&ro=1','https://nicepet.fr/wp-content/uploads/2022/08/2909-removebg-preview-e1661941956713.png',1,1,'d8e0997b-b312-4519-8a90-67837e39253d','2023-01-02 17:12:17',NULL,84),(82,'Croquettes chat pressées à froid - POULET','https://marketing.net.zooplus.fr/ts/i3971185/tsc?amc=con.zooplus.503174.514120.8396&rmd=3&trg=http%3A%2F%2Fwww.zooplus.fr/shop/chats/croquettes_chat/feringa/adulte/987850?origin=hopps&q=feringa%20poulet&i=11&ro=1','https://nicepet.fr/wp-content/uploads/2022/09/2909-removebg-preview-e1662038414676.png',1,1,'28936116-2773-4f3d-b0ed-82d4ebfbdc02','2023-01-02 17:12:17',NULL,85),(83,'Lapin et brocoli','','',1,1,'4a228377-ee4d-4962-b8dd-f44ab6908c71','2023-01-02 17:12:17',NULL,86),(84,'PreniumPlus 90% Poulet','https://marketing.net.zooplus.fr/ts/i3971185/tsc?amc=con.zooplus.503174.514120.8396&rmd=3&trg=http%3A%2F%2Fwww.zooplus.fr/shop/chats/croquettes_chat/thrive/573691?origin=hopps&q=thrive%20poulet&i=4&ro=1','https://nicepet.fr/wp-content/uploads/2022/09/1816-removebg-preview-e1662038909164.png',1,1,'1f345abd-1ffe-4540-bf33-53ffe7d10b5f','2023-01-02 17:12:17',NULL,87),(85,'Tundra 8 animaux différents','','https://nicepet.fr/wp-content/uploads/2022/09/1616-removebg-preview-e1662039282177.png',1,1,'6e1da86d-df1d-4d51-9b3e-9a0b1de66726','2023-01-02 17:12:17',NULL,88),(86,'Gelée poulet et boeuf','','https://nicepet.fr/wp-content/uploads/2022/09/2490-removebg-preview-e1662039841664.png',1,1,'a357f74a-106c-4665-8d97-75555f71fbb6','2023-01-02 17:12:17',NULL,89),(87,'Océan sans céréales Hareng, potiron, Orange','https://marketing.net.zooplus.fr/ts/i3971185/tsc?amc=con.zooplus.503174.514120.8396&rmd=3&trg=http%3A%2F%2Fwww.zooplus.fr/shop/chats/croquettes_chat/farmina/nd_ocean/837786?origin=hopps&q=farmina%20hareng&i=1&ro=1','https://nicepet.fr/wp-content/uploads/2022/09/2265-removebg-preview-e1662040196262.png',1,1,'27629198-7f38-417a-83ae-732d8b997df2','2023-01-02 17:12:17',NULL,90),(88,'Grain Free Potiron Cerf & Pomme','','https://nicepet.fr/wp-content/uploads/2022/09/2017-removebg-preview-e1662111539183.png',1,1,'8d7c1cc8-583d-4958-9628-00ea9dc53014','2023-01-02 17:12:17',NULL,91),(89,'Adult Sterilised dinde, poulet - sans céréales pour chat','https://marketing.net.zooplus.fr/ts/i3971185/tsc?amc=con.zooplus.503174.514120.8396&rmd=3&trg=http%3A%2F%2Fwww.zooplus.fr/chats/croquettes_chat/croquettes_chat_purizon/purizon_chat_sterilise/987045?origin=hopps&q=nutro%20sterilised&i=2&ro=1&ct=Chat','https://nicepet.fr/wp-content/uploads/2022/09/2578-removebg-preview-e1662112181388.png',1,1,'5c8206d1-f030-4fc5-89e1-71762144ff80','2023-01-02 17:12:17',NULL,92),(90,'High Meat poulet','','',1,1,'6120fb92-c59b-4147-ba17-5afa18a5ab46','2023-01-02 17:12:17',NULL,93),(91,'Light & Sterilised Sans Céréales chat adulte','https://www.zoomalia.com/animalerie/quality-sens-light-sterilized-grain-free-sans-cereales-pour-chat-sterilise-ou-en-surpoids-p-28356.html','https://nicepet.fr/wp-content/uploads/2022/04/quality-sens-sterilized-1.png',1,1,'edc165bb-cf91-42fb-9a7a-1d49bdb37de6','2023-01-02 17:13:24',NULL,95),(92,'Just Grain Free au poulet chat adulte','','https://nicepet.fr/wp-content/uploads/2022/04/ownat-adult-chiken.png',1,1,'e201e586-26f4-4f8d-a905-2ee4da7ebdd7','2023-01-02 17:13:24',NULL,96),(93,'Inne Cat Adult au poulet pour chat','','https://nicepet.fr/wp-content/uploads/2022/04/inne-cat-adult-poulet.png',1,1,'f0413a3e-0af7-4b0c-90d7-bc442837a9e8','2023-01-02 17:13:24',NULL,97),(94,'high meat au saumon et thon chat adulte','','https://nicepet.fr/wp-content/uploads/2022/04/true-instinct.png',1,1,'45d4199b-c2ed-4655-a4b6-84cbb2d657b9','2023-01-02 17:13:24',NULL,98),(95,'Cat High Meat poulet','','https://nicepet.fr/wp-content/uploads/2022/09/337-removebg-preview-e1662112559565.png',1,1,'c926bbad-bde5-413a-b601-e5e806e66e29','2023-01-02 17:13:24',NULL,99),(96,'Adultes et chatons de tout âge','','https://nicepet.fr/wp-content/uploads/2022/04/ultra-premium.png',1,1,'803e430a-8034-4128-a752-d5a76ffa4871','2023-01-02 17:13:24',NULL,100),(97,'Sterilised','','https://nicepet.fr/wp-content/uploads/2022/04/nutrivet.png',1,1,'aa145547-6a31-46fd-8d04-657b4feb47a2','2023-01-02 17:13:24',NULL,101),(98,'Cat Adult Neutered','','https://nicepet.fr/wp-content/uploads/2022/04/virbac.png',1,1,'91675807-3ac1-4c55-8710-e8ccc9a76491','2023-01-02 17:13:24',NULL,102),(99,'Grain Free Adult poulet & dinde','','https://nicepet.fr/wp-content/uploads/2022/04/ownat-2.png',1,1,'1326382e-f85c-4438-bcae-d62ab2937ef4','2023-01-02 17:13:24',NULL,103),(100,'Adult Wild Hills Canard et volaille','','https://nicepet.fr/wp-content/uploads/2022/04/wild-freedom.png',1,1,'39709e5e-311d-473b-bc8b-3049fa28f258','2023-01-02 17:13:24',NULL,104),(101,'Adult Poulet & poisson','','https://nicepet.fr/wp-content/uploads/2022/04/purizon.png',1,1,'75858757-4fe0-4324-a72c-40327f6cbc62','2023-01-02 17:13:24',NULL,105),(102,'Adult Agneau & poisson','','https://nicepet.fr/wp-content/uploads/2022/04/purizon-2.png',1,1,'8838ba1f-5f6d-41b5-8ba4-6ffcb73ef5ff','2023-01-02 17:13:24',NULL,106),(103,'Adult Sterilised Poulet, poisson','','https://nicepet.fr/wp-content/uploads/2022/04/purizon-3.png',1,1,'62857839-b77f-4b16-afae-3d747e4ae29d','2023-01-02 17:13:24',NULL,107),(104,'Adult hairball control canard & faisan','','https://nicepet.fr/wp-content/uploads/2022/04/carnilove.png',1,1,'aa10f3ff-6cbc-43fc-970a-0882fb7d9461','2023-01-02 17:13:24',NULL,108),(105,'Adult Cerf & poisson','','https://nicepet.fr/wp-content/uploads/2022/04/purizon-4.png',1,1,'cc720a97-e921-49c5-bc4e-5552228157a0','2023-01-02 17:13:24',NULL,109),(106,'Adult Canard & Poisson','','https://nicepet.fr/wp-content/uploads/2022/04/purizon-5.png',1,1,'eb5f4069-1b7b-47cc-8e56-1829ee95a35a','2023-01-02 17:13:24',NULL,110),(107,'Low Grain, Chaton et Chat actif adulte','','https://nicepet.fr/wp-content/uploads/2022/04/maison-moulin.png',1,1,'114d839f-e32b-440b-b3f7-61e0dac21fdc','2023-01-02 17:13:24',NULL,111),(108,'Adult Energy and Outdoor, renne pour chat','','https://nicepet.fr/wp-content/uploads/2022/08/1572-removebg-preview-1-e1661781805679.png',1,1,'540fc5f2-4a35-4b95-a616-4f289dd22443','2023-01-02 17:13:24',NULL,112),(109,'Adult saumon, poisson blanc pour chat','https://marketing.net.zooplus.fr/ts/i3971185/tsc?amc=con.zooplus.503174.514120.8396&rmd=3&trg=http%3A%2F%2Fwww.zooplus.fr/shop/chats/croquettes_chat/crave_croquettes_chat/croquettes/713022?origin=hopps&q=crave&i=3&ro=1','https://nicepet.fr/wp-content/uploads/2022/08/1809-removebg-preview-e1661783935335.png',1,1,'298e3808-158c-4848-b5cc-54774bb4ccef','2023-01-02 17:13:24',NULL,113),(110,'Grain Free Adult stérilisé poulet frais','','https://nicepet.fr/wp-content/uploads/2022/08/2070-e1661785026843.jpg',1,1,'b067f4e6-f956-4dc8-b02b-15837c4242e4','2023-01-02 17:13:24',NULL,114),(111,'Veterinary HPM Saumon','https://marketing.net.zooplus.fr/ts/i3971185/tsc?amc=con.zooplus.503174.514120.8396&rmd=3&trg=http%3A%2F%2Fwww.zooplus.fr//shop/chats/croquettes_chat/virbac_vet_hpm/obesite_surpoids_virbac/617091?origin=hopps&q=virbac%20chat%20saumon&i=1&ro=1','https://nicepet.fr/wp-content/uploads/2022/08/349-removebg-preview-e1661791450259.png',1,1,'1c15bf2b-1d4e-45aa-b1d7-3b3e71cec854','2023-01-02 17:13:24',NULL,115),(112,'Wild Frontier - Junior saumon, poissons blancs ','','https://nicepet.fr/wp-content/uploads/2022/08/2290-removebg-preview-e1661850811785.png',1,1,'e52e588f-558a-4571-a5d2-5ca66d6eb916','2023-01-02 17:13:24',NULL,116),(113,'Wild Frontier Saumon & Poisson Blanc Sans Céréales chat adulte','','',1,1,'44546167-c346-4ad5-879c-819823c4aa22','2023-01-02 17:13:24',NULL,117),(114,'Grain Free Hair & Skin Care chat adulte','','',1,1,'b91a5cb8-4389-4d5b-bea1-98d6259fac49','2023-01-02 17:13:24',NULL,118),(115,'Science Plan- Adult Light Poulet','https://marketing.net.zooplus.fr/ts/i3971185/tsc?amc=con.zooplus.503174.514120.8396&rmd=3&trg=http%3A%2F%2Fwww.zooplus.fr/shop/chats/croquettes_chat/hills_feline_croquettes_chat/hills_feline_light_croquettes_chat/15525?origin=hopps&q=hills%20chat&i=8&ro=1','https://nicepet.fr/wp-content/uploads/2022/08/1107-removebg-preview-e1661852256777.png',1,1,'1d5eba2f-ddce-467d-ab48-4ad4dd33d816','2023-01-02 17:13:24',NULL,119),(116,'Cat & Kitten Dinde, Hareng, Maquereau, Céréales, Poulet, Sardine','','https://nicepet.fr/wp-content/uploads/2022/08/2509-removebg-preview-e1661852650727.png',1,1,'e4409580-3b64-44d4-a018-be6ca56b323a','2023-01-02 17:13:24',NULL,120),(117,'Poulet, Dinde et Canard','','https://nicepet.fr/wp-content/uploads/2022/08/1982-removebg-preview-e1661853076983.png',1,1,'f2cb2254-4b76-4cc5-9532-d81f3ec78c3a','2023-01-02 17:13:24',NULL,121),(118,'Thrive PremiumPlus, poulet pour chat','','',0,1,'18a46f4d-0f24-48c7-b764-6b8b79036ab0','2023-01-02 17:13:24',NULL,122),(119,'Premium chat actif Poulet frais','','https://nicepet.fr/wp-content/uploads/2022/08/2739-removebg-preview-e1661853441377.png',1,1,'1514b043-64c7-4abd-aeab-05214d3b8003','2023-01-02 17:13:24',NULL,123),(120,'Fit & Trim 7 animaux différents','','https://nicepet.fr/wp-content/uploads/2022/08/1617-removebg-preview-e1661853733782.png',1,1,'92638102-4e05-4449-86ab-de9fbe72ce53','2023-01-02 17:13:24',NULL,124),(121,'Au Sanglier & Pomme','','https://nicepet.fr/wp-content/uploads/2022/08/2014-removebg-preview-e1661940966999.png',1,1,'130c92c3-9269-4ff1-a711-c1c761137fe7','2023-01-02 17:13:24',NULL,125),(122,'Chat adulte Poisson et orange ','','https://nicepet.fr/wp-content/uploads/2022/08/1653-removebg-preview-e1661941159131.png',1,1,'ffec10eb-1b92-4521-b9ce-c538c5c57f2b','2023-01-02 17:13:24',NULL,126),(123,'Amikinos Référence Chat adulte et senior','','',0,1,'12613c30-5508-4553-9252-ff74fb2c7213','2023-01-02 17:13:24',NULL,127),(124,'6 poissons','','https://nicepet.fr/wp-content/uploads/2022/08/318-removebg-preview-e1661941447281.png',1,1,'b00616b3-6f12-4245-9ae9-077bd2e2d585','2023-01-02 17:13:24',NULL,128),(125,'Regional Red','','https://nicepet.fr/wp-content/uploads/2022/08/316-removebg-preview-e1661941610409.png',1,1,'61aacd19-4198-42f1-8c32-1112c0aabded','2023-01-02 17:13:24',NULL,129),(126,'Croquettes chat pressées à froid - DINDE','https://marketing.net.zooplus.fr/ts/i3971185/tsc?amc=con.zooplus.503174.514120.8396&rmd=3&trg=http%3A%2F%2Fwww.zooplus.fr/shop/chats/croquettes_chat/feringa/adulte/987926?origin=hopps&q=feringa%20croquette&i=5&ro=1','https://nicepet.fr/wp-content/uploads/2022/08/2909-removebg-preview-e1661941956713.png',1,1,'d8e0997b-b312-4519-8a90-67837e39253d','2023-01-02 17:13:24',NULL,130),(127,'Croquettes chat pressées à froid - POULET','https://marketing.net.zooplus.fr/ts/i3971185/tsc?amc=con.zooplus.503174.514120.8396&rmd=3&trg=http%3A%2F%2Fwww.zooplus.fr/shop/chats/croquettes_chat/feringa/adulte/987850?origin=hopps&q=feringa%20poulet&i=11&ro=1','https://nicepet.fr/wp-content/uploads/2022/09/2909-removebg-preview-e1662038414676.png',1,1,'28936116-2773-4f3d-b0ed-82d4ebfbdc02','2023-01-02 17:13:24',NULL,131),(128,'Lapin et brocoli','','',1,1,'4a228377-ee4d-4962-b8dd-f44ab6908c71','2023-01-02 17:13:24',NULL,132),(129,'PreniumPlus 90% Poulet','https://marketing.net.zooplus.fr/ts/i3971185/tsc?amc=con.zooplus.503174.514120.8396&rmd=3&trg=http%3A%2F%2Fwww.zooplus.fr/shop/chats/croquettes_chat/thrive/573691?origin=hopps&q=thrive%20poulet&i=4&ro=1','https://nicepet.fr/wp-content/uploads/2022/09/1816-removebg-preview-e1662038909164.png',1,1,'1f345abd-1ffe-4540-bf33-53ffe7d10b5f','2023-01-02 17:13:24',NULL,133),(130,'Tundra 8 animaux différents','','https://nicepet.fr/wp-content/uploads/2022/09/1616-removebg-preview-e1662039282177.png',1,1,'6e1da86d-df1d-4d51-9b3e-9a0b1de66726','2023-01-02 17:13:24',NULL,134),(131,'Gelée poulet et boeuf','','https://nicepet.fr/wp-content/uploads/2022/09/2490-removebg-preview-e1662039841664.png',1,1,'a357f74a-106c-4665-8d97-75555f71fbb6','2023-01-02 17:13:24',NULL,135),(132,'Océan sans céréales Hareng, potiron, Orange','https://marketing.net.zooplus.fr/ts/i3971185/tsc?amc=con.zooplus.503174.514120.8396&rmd=3&trg=http%3A%2F%2Fwww.zooplus.fr/shop/chats/croquettes_chat/farmina/nd_ocean/837786?origin=hopps&q=farmina%20hareng&i=1&ro=1','https://nicepet.fr/wp-content/uploads/2022/09/2265-removebg-preview-e1662040196262.png',1,1,'27629198-7f38-417a-83ae-732d8b997df2','2023-01-02 17:13:24',NULL,136),(133,'Grain Free Potiron Cerf & Pomme','','https://nicepet.fr/wp-content/uploads/2022/09/2017-removebg-preview-e1662111539183.png',1,1,'8d7c1cc8-583d-4958-9628-00ea9dc53014','2023-01-02 17:13:24',NULL,137),(134,'Adult Sterilised dinde, poulet - sans céréales pour chat','https://marketing.net.zooplus.fr/ts/i3971185/tsc?amc=con.zooplus.503174.514120.8396&rmd=3&trg=http%3A%2F%2Fwww.zooplus.fr/chats/croquettes_chat/croquettes_chat_purizon/purizon_chat_sterilise/987045?origin=hopps&q=nutro%20sterilised&i=2&ro=1&ct=Chat','https://nicepet.fr/wp-content/uploads/2022/09/2578-removebg-preview-e1662112181388.png',1,1,'5c8206d1-f030-4fc5-89e1-71762144ff80','2023-01-02 17:13:24',NULL,138),(135,'High Meat poulet','','',1,1,'6120fb92-c59b-4147-ba17-5afa18a5ab46','2023-01-02 17:13:24',NULL,139),(136,'Light & Sterilised Sans Céréales chat adulte','https://www.zoomalia.com/animalerie/quality-sens-light-sterilized-grain-free-sans-cereales-pour-chat-sterilise-ou-en-surpoids-p-28356.html','https://nicepet.fr/wp-content/uploads/2022/04/quality-sens-sterilized-1.png',1,1,'edc165bb-cf91-42fb-9a7a-1d49bdb37de6','2023-01-02 17:14:21',NULL,141),(137,'Just Grain Free au poulet chat adulte','','https://nicepet.fr/wp-content/uploads/2022/04/ownat-adult-chiken.png',1,1,'e201e586-26f4-4f8d-a905-2ee4da7ebdd7','2023-01-02 17:14:21',NULL,142),(138,'Inne Cat Adult au poulet pour chat','','https://nicepet.fr/wp-content/uploads/2022/04/inne-cat-adult-poulet.png',1,1,'f0413a3e-0af7-4b0c-90d7-bc442837a9e8','2023-01-02 17:14:21',NULL,143),(139,'high meat au saumon et thon chat adulte','','https://nicepet.fr/wp-content/uploads/2022/04/true-instinct.png',1,1,'45d4199b-c2ed-4655-a4b6-84cbb2d657b9','2023-01-02 17:14:21',NULL,144),(140,'Cat High Meat poulet','','https://nicepet.fr/wp-content/uploads/2022/09/337-removebg-preview-e1662112559565.png',1,1,'c926bbad-bde5-413a-b601-e5e806e66e29','2023-01-02 17:14:21',NULL,145),(141,'Adultes et chatons de tout âge','','https://nicepet.fr/wp-content/uploads/2022/04/ultra-premium.png',1,1,'803e430a-8034-4128-a752-d5a76ffa4871','2023-01-02 17:14:21',NULL,146),(142,'Sterilised','','https://nicepet.fr/wp-content/uploads/2022/04/nutrivet.png',1,1,'aa145547-6a31-46fd-8d04-657b4feb47a2','2023-01-02 17:14:21',NULL,147),(143,'Cat Adult Neutered','','https://nicepet.fr/wp-content/uploads/2022/04/virbac.png',1,1,'91675807-3ac1-4c55-8710-e8ccc9a76491','2023-01-02 17:14:21',NULL,148),(144,'Grain Free Adult poulet & dinde','','https://nicepet.fr/wp-content/uploads/2022/04/ownat-2.png',1,1,'1326382e-f85c-4438-bcae-d62ab2937ef4','2023-01-02 17:14:21',NULL,149),(145,'Adult Wild Hills Canard et volaille','','https://nicepet.fr/wp-content/uploads/2022/04/wild-freedom.png',1,1,'39709e5e-311d-473b-bc8b-3049fa28f258','2023-01-02 17:14:21',NULL,150),(146,'Adult Poulet & poisson','','https://nicepet.fr/wp-content/uploads/2022/04/purizon.png',1,1,'75858757-4fe0-4324-a72c-40327f6cbc62','2023-01-02 17:14:21',NULL,151),(147,'Adult Agneau & poisson','','https://nicepet.fr/wp-content/uploads/2022/04/purizon-2.png',1,1,'8838ba1f-5f6d-41b5-8ba4-6ffcb73ef5ff','2023-01-02 17:14:21',NULL,152),(148,'Adult Sterilised Poulet, poisson','','https://nicepet.fr/wp-content/uploads/2022/04/purizon-3.png',1,1,'62857839-b77f-4b16-afae-3d747e4ae29d','2023-01-02 17:14:21',NULL,153),(149,'Adult hairball control canard & faisan','','https://nicepet.fr/wp-content/uploads/2022/04/carnilove.png',1,1,'aa10f3ff-6cbc-43fc-970a-0882fb7d9461','2023-01-02 17:14:21',NULL,154),(150,'Adult Cerf & poisson','','https://nicepet.fr/wp-content/uploads/2022/04/purizon-4.png',1,1,'cc720a97-e921-49c5-bc4e-5552228157a0','2023-01-02 17:14:21',NULL,155),(151,'Adult Canard & Poisson','','https://nicepet.fr/wp-content/uploads/2022/04/purizon-5.png',1,1,'eb5f4069-1b7b-47cc-8e56-1829ee95a35a','2023-01-02 17:14:21',NULL,156),(152,'Low Grain, Chaton et Chat actif adulte','','https://nicepet.fr/wp-content/uploads/2022/04/maison-moulin.png',1,1,'114d839f-e32b-440b-b3f7-61e0dac21fdc','2023-01-02 17:14:21',NULL,157),(153,'Adult Energy and Outdoor, renne pour chat','','https://nicepet.fr/wp-content/uploads/2022/08/1572-removebg-preview-1-e1661781805679.png',1,1,'540fc5f2-4a35-4b95-a616-4f289dd22443','2023-01-02 17:14:21',NULL,158),(154,'Adult saumon, poisson blanc pour chat','https://marketing.net.zooplus.fr/ts/i3971185/tsc?amc=con.zooplus.503174.514120.8396&rmd=3&trg=http%3A%2F%2Fwww.zooplus.fr/shop/chats/croquettes_chat/crave_croquettes_chat/croquettes/713022?origin=hopps&q=crave&i=3&ro=1','https://nicepet.fr/wp-content/uploads/2022/08/1809-removebg-preview-e1661783935335.png',1,1,'298e3808-158c-4848-b5cc-54774bb4ccef','2023-01-02 17:14:21',NULL,159),(155,'Grain Free Adult stérilisé poulet frais','','https://nicepet.fr/wp-content/uploads/2022/08/2070-e1661785026843.jpg',1,1,'b067f4e6-f956-4dc8-b02b-15837c4242e4','2023-01-02 17:14:21',NULL,160),(156,'Veterinary HPM Saumon','https://marketing.net.zooplus.fr/ts/i3971185/tsc?amc=con.zooplus.503174.514120.8396&rmd=3&trg=http%3A%2F%2Fwww.zooplus.fr//shop/chats/croquettes_chat/virbac_vet_hpm/obesite_surpoids_virbac/617091?origin=hopps&q=virbac%20chat%20saumon&i=1&ro=1','https://nicepet.fr/wp-content/uploads/2022/08/349-removebg-preview-e1661791450259.png',1,1,'1c15bf2b-1d4e-45aa-b1d7-3b3e71cec854','2023-01-02 17:14:21',NULL,161),(157,'Wild Frontier - Junior saumon, poissons blancs ','','https://nicepet.fr/wp-content/uploads/2022/08/2290-removebg-preview-e1661850811785.png',1,1,'e52e588f-558a-4571-a5d2-5ca66d6eb916','2023-01-02 17:14:21',NULL,162),(158,'Wild Frontier Saumon & Poisson Blanc Sans Céréales chat adulte','','',1,1,'44546167-c346-4ad5-879c-819823c4aa22','2023-01-02 17:14:21',NULL,163),(159,'Grain Free Hair & Skin Care chat adulte','','',1,1,'b91a5cb8-4389-4d5b-bea1-98d6259fac49','2023-01-02 17:14:21',NULL,164),(160,'Science Plan- Adult Light Poulet','https://marketing.net.zooplus.fr/ts/i3971185/tsc?amc=con.zooplus.503174.514120.8396&rmd=3&trg=http%3A%2F%2Fwww.zooplus.fr/shop/chats/croquettes_chat/hills_feline_croquettes_chat/hills_feline_light_croquettes_chat/15525?origin=hopps&q=hills%20chat&i=8&ro=1','https://nicepet.fr/wp-content/uploads/2022/08/1107-removebg-preview-e1661852256777.png',1,1,'1d5eba2f-ddce-467d-ab48-4ad4dd33d816','2023-01-02 17:14:21',NULL,165),(161,'Cat & Kitten Dinde, Hareng, Maquereau, Céréales, Poulet, Sardine','','https://nicepet.fr/wp-content/uploads/2022/08/2509-removebg-preview-e1661852650727.png',1,1,'e4409580-3b64-44d4-a018-be6ca56b323a','2023-01-02 17:14:21',NULL,166),(162,'Poulet, Dinde et Canard','','https://nicepet.fr/wp-content/uploads/2022/08/1982-removebg-preview-e1661853076983.png',1,1,'f2cb2254-4b76-4cc5-9532-d81f3ec78c3a','2023-01-02 17:14:21',NULL,167),(163,'Thrive PremiumPlus, poulet pour chat','','',0,1,'18a46f4d-0f24-48c7-b764-6b8b79036ab0','2023-01-02 17:14:21',NULL,168),(164,'Premium chat actif Poulet frais','','https://nicepet.fr/wp-content/uploads/2022/08/2739-removebg-preview-e1661853441377.png',1,1,'1514b043-64c7-4abd-aeab-05214d3b8003','2023-01-02 17:14:21',NULL,169),(165,'Fit & Trim 7 animaux différents','','https://nicepet.fr/wp-content/uploads/2022/08/1617-removebg-preview-e1661853733782.png',1,1,'92638102-4e05-4449-86ab-de9fbe72ce53','2023-01-02 17:14:21',NULL,170),(166,'Au Sanglier & Pomme','','https://nicepet.fr/wp-content/uploads/2022/08/2014-removebg-preview-e1661940966999.png',1,1,'130c92c3-9269-4ff1-a711-c1c761137fe7','2023-01-02 17:14:21',NULL,171),(167,'Chat adulte Poisson et orange ','','https://nicepet.fr/wp-content/uploads/2022/08/1653-removebg-preview-e1661941159131.png',1,1,'ffec10eb-1b92-4521-b9ce-c538c5c57f2b','2023-01-02 17:14:21',NULL,172),(168,'Amikinos Référence Chat adulte et senior','','',0,1,'12613c30-5508-4553-9252-ff74fb2c7213','2023-01-02 17:14:21',NULL,173),(169,'6 poissons','','https://nicepet.fr/wp-content/uploads/2022/08/318-removebg-preview-e1661941447281.png',1,1,'b00616b3-6f12-4245-9ae9-077bd2e2d585','2023-01-02 17:14:21',NULL,174),(170,'Regional Red','','https://nicepet.fr/wp-content/uploads/2022/08/316-removebg-preview-e1661941610409.png',1,1,'61aacd19-4198-42f1-8c32-1112c0aabded','2023-01-02 17:14:21',NULL,175),(171,'Croquettes chat pressées à froid - DINDE','https://marketing.net.zooplus.fr/ts/i3971185/tsc?amc=con.zooplus.503174.514120.8396&rmd=3&trg=http%3A%2F%2Fwww.zooplus.fr/shop/chats/croquettes_chat/feringa/adulte/987926?origin=hopps&q=feringa%20croquette&i=5&ro=1','https://nicepet.fr/wp-content/uploads/2022/08/2909-removebg-preview-e1661941956713.png',1,1,'d8e0997b-b312-4519-8a90-67837e39253d','2023-01-02 17:14:21',NULL,176),(172,'Croquettes chat pressées à froid - POULET','https://marketing.net.zooplus.fr/ts/i3971185/tsc?amc=con.zooplus.503174.514120.8396&rmd=3&trg=http%3A%2F%2Fwww.zooplus.fr/shop/chats/croquettes_chat/feringa/adulte/987850?origin=hopps&q=feringa%20poulet&i=11&ro=1','https://nicepet.fr/wp-content/uploads/2022/09/2909-removebg-preview-e1662038414676.png',1,1,'28936116-2773-4f3d-b0ed-82d4ebfbdc02','2023-01-02 17:14:21',NULL,177),(173,'Lapin et brocoli','','',1,1,'4a228377-ee4d-4962-b8dd-f44ab6908c71','2023-01-02 17:14:21',NULL,178),(174,'PreniumPlus 90% Poulet','https://marketing.net.zooplus.fr/ts/i3971185/tsc?amc=con.zooplus.503174.514120.8396&rmd=3&trg=http%3A%2F%2Fwww.zooplus.fr/shop/chats/croquettes_chat/thrive/573691?origin=hopps&q=thrive%20poulet&i=4&ro=1','https://nicepet.fr/wp-content/uploads/2022/09/1816-removebg-preview-e1662038909164.png',1,1,'1f345abd-1ffe-4540-bf33-53ffe7d10b5f','2023-01-02 17:14:21',NULL,179),(175,'Tundra 8 animaux différents','','https://nicepet.fr/wp-content/uploads/2022/09/1616-removebg-preview-e1662039282177.png',1,1,'6e1da86d-df1d-4d51-9b3e-9a0b1de66726','2023-01-02 17:14:21',NULL,180),(176,'Gelée poulet et boeuf','','https://nicepet.fr/wp-content/uploads/2022/09/2490-removebg-preview-e1662039841664.png',1,1,'a357f74a-106c-4665-8d97-75555f71fbb6','2023-01-02 17:14:21',NULL,181),(177,'Océan sans céréales Hareng, potiron, Orange','https://marketing.net.zooplus.fr/ts/i3971185/tsc?amc=con.zooplus.503174.514120.8396&rmd=3&trg=http%3A%2F%2Fwww.zooplus.fr/shop/chats/croquettes_chat/farmina/nd_ocean/837786?origin=hopps&q=farmina%20hareng&i=1&ro=1','https://nicepet.fr/wp-content/uploads/2022/09/2265-removebg-preview-e1662040196262.png',1,1,'27629198-7f38-417a-83ae-732d8b997df2','2023-01-02 17:14:21',NULL,182),(178,'Grain Free Potiron Cerf & Pomme','','https://nicepet.fr/wp-content/uploads/2022/09/2017-removebg-preview-e1662111539183.png',1,1,'8d7c1cc8-583d-4958-9628-00ea9dc53014','2023-01-02 17:14:21',NULL,183),(179,'Adult Sterilised dinde, poulet - sans céréales pour chat','https://marketing.net.zooplus.fr/ts/i3971185/tsc?amc=con.zooplus.503174.514120.8396&rmd=3&trg=http%3A%2F%2Fwww.zooplus.fr/chats/croquettes_chat/croquettes_chat_purizon/purizon_chat_sterilise/987045?origin=hopps&q=nutro%20sterilised&i=2&ro=1&ct=Chat','https://nicepet.fr/wp-content/uploads/2022/09/2578-removebg-preview-e1662112181388.png',1,1,'5c8206d1-f030-4fc5-89e1-71762144ff80','2023-01-02 17:14:21',NULL,184),(180,'High Meat poulet','','',1,1,'6120fb92-c59b-4147-ba17-5afa18a5ab46','2023-01-02 17:14:21',NULL,185),(181,'Light & Sterilised Sans Céréales chat adulte','https://www.zoomalia.com/animalerie/quality-sens-light-sterilized-grain-free-sans-cereales-pour-chat-sterilise-ou-en-surpoids-p-28356.html','https://nicepet.fr/wp-content/uploads/2022/04/quality-sens-sterilized-1.png',1,1,'edc165bb-cf91-42fb-9a7a-1d49bdb37de6','2023-01-02 17:14:36',NULL,187),(182,'Just Grain Free au poulet chat adulte','','https://nicepet.fr/wp-content/uploads/2022/04/ownat-adult-chiken.png',1,1,'e201e586-26f4-4f8d-a905-2ee4da7ebdd7','2023-01-02 17:14:36',NULL,188),(183,'Inne Cat Adult au poulet pour chat','','https://nicepet.fr/wp-content/uploads/2022/04/inne-cat-adult-poulet.png',1,1,'f0413a3e-0af7-4b0c-90d7-bc442837a9e8','2023-01-02 17:14:36',NULL,189),(184,'high meat au saumon et thon chat adulte','','https://nicepet.fr/wp-content/uploads/2022/04/true-instinct.png',1,1,'45d4199b-c2ed-4655-a4b6-84cbb2d657b9','2023-01-02 17:14:36',NULL,190),(185,'Cat High Meat poulet','','https://nicepet.fr/wp-content/uploads/2022/09/337-removebg-preview-e1662112559565.png',1,1,'c926bbad-bde5-413a-b601-e5e806e66e29','2023-01-02 17:14:36',NULL,191),(186,'Adultes et chatons de tout âge','','https://nicepet.fr/wp-content/uploads/2022/04/ultra-premium.png',1,1,'803e430a-8034-4128-a752-d5a76ffa4871','2023-01-02 17:14:36',NULL,192),(187,'Sterilised','','https://nicepet.fr/wp-content/uploads/2022/04/nutrivet.png',1,1,'aa145547-6a31-46fd-8d04-657b4feb47a2','2023-01-02 17:14:36',NULL,193),(188,'Cat Adult Neutered','','https://nicepet.fr/wp-content/uploads/2022/04/virbac.png',1,1,'91675807-3ac1-4c55-8710-e8ccc9a76491','2023-01-02 17:14:36',NULL,194),(189,'Grain Free Adult poulet & dinde','','https://nicepet.fr/wp-content/uploads/2022/04/ownat-2.png',1,1,'1326382e-f85c-4438-bcae-d62ab2937ef4','2023-01-02 17:14:36',NULL,195),(190,'Adult Wild Hills Canard et volaille','','https://nicepet.fr/wp-content/uploads/2022/04/wild-freedom.png',1,1,'39709e5e-311d-473b-bc8b-3049fa28f258','2023-01-02 17:14:36',NULL,196),(191,'Adult Poulet & poisson','','https://nicepet.fr/wp-content/uploads/2022/04/purizon.png',1,1,'75858757-4fe0-4324-a72c-40327f6cbc62','2023-01-02 17:14:36',NULL,197),(192,'Adult Agneau & poisson','','https://nicepet.fr/wp-content/uploads/2022/04/purizon-2.png',1,1,'8838ba1f-5f6d-41b5-8ba4-6ffcb73ef5ff','2023-01-02 17:14:36',NULL,198),(193,'Adult Sterilised Poulet, poisson','','https://nicepet.fr/wp-content/uploads/2022/04/purizon-3.png',1,1,'62857839-b77f-4b16-afae-3d747e4ae29d','2023-01-02 17:14:36',NULL,199),(194,'Adult hairball control canard & faisan','','https://nicepet.fr/wp-content/uploads/2022/04/carnilove.png',1,1,'aa10f3ff-6cbc-43fc-970a-0882fb7d9461','2023-01-02 17:14:36',NULL,200),(195,'Adult Cerf & poisson','','https://nicepet.fr/wp-content/uploads/2022/04/purizon-4.png',1,1,'cc720a97-e921-49c5-bc4e-5552228157a0','2023-01-02 17:14:36',NULL,201),(196,'Adult Canard & Poisson','','https://nicepet.fr/wp-content/uploads/2022/04/purizon-5.png',1,1,'eb5f4069-1b7b-47cc-8e56-1829ee95a35a','2023-01-02 17:14:36',NULL,202),(197,'Low Grain, Chaton et Chat actif adulte','','https://nicepet.fr/wp-content/uploads/2022/04/maison-moulin.png',1,1,'114d839f-e32b-440b-b3f7-61e0dac21fdc','2023-01-02 17:14:36',NULL,203),(198,'Adult Energy and Outdoor, renne pour chat','','https://nicepet.fr/wp-content/uploads/2022/08/1572-removebg-preview-1-e1661781805679.png',1,1,'540fc5f2-4a35-4b95-a616-4f289dd22443','2023-01-02 17:14:36',NULL,204),(199,'Adult saumon, poisson blanc pour chat','https://marketing.net.zooplus.fr/ts/i3971185/tsc?amc=con.zooplus.503174.514120.8396&rmd=3&trg=http%3A%2F%2Fwww.zooplus.fr/shop/chats/croquettes_chat/crave_croquettes_chat/croquettes/713022?origin=hopps&q=crave&i=3&ro=1','https://nicepet.fr/wp-content/uploads/2022/08/1809-removebg-preview-e1661783935335.png',1,1,'298e3808-158c-4848-b5cc-54774bb4ccef','2023-01-02 17:14:36',NULL,205),(200,'Grain Free Adult stérilisé poulet frais','','https://nicepet.fr/wp-content/uploads/2022/08/2070-e1661785026843.jpg',1,1,'b067f4e6-f956-4dc8-b02b-15837c4242e4','2023-01-02 17:14:36',NULL,206),(201,'Veterinary HPM Saumon','https://marketing.net.zooplus.fr/ts/i3971185/tsc?amc=con.zooplus.503174.514120.8396&rmd=3&trg=http%3A%2F%2Fwww.zooplus.fr//shop/chats/croquettes_chat/virbac_vet_hpm/obesite_surpoids_virbac/617091?origin=hopps&q=virbac%20chat%20saumon&i=1&ro=1','https://nicepet.fr/wp-content/uploads/2022/08/349-removebg-preview-e1661791450259.png',1,1,'1c15bf2b-1d4e-45aa-b1d7-3b3e71cec854','2023-01-02 17:14:36',NULL,207),(202,'Wild Frontier - Junior saumon, poissons blancs ','','https://nicepet.fr/wp-content/uploads/2022/08/2290-removebg-preview-e1661850811785.png',1,1,'e52e588f-558a-4571-a5d2-5ca66d6eb916','2023-01-02 17:14:36',NULL,208),(203,'Wild Frontier Saumon & Poisson Blanc Sans Céréales chat adulte','','',1,1,'44546167-c346-4ad5-879c-819823c4aa22','2023-01-02 17:14:36',NULL,209),(204,'Grain Free Hair & Skin Care chat adulte','','',1,1,'b91a5cb8-4389-4d5b-bea1-98d6259fac49','2023-01-02 17:14:36',NULL,210),(205,'Science Plan- Adult Light Poulet','https://marketing.net.zooplus.fr/ts/i3971185/tsc?amc=con.zooplus.503174.514120.8396&rmd=3&trg=http%3A%2F%2Fwww.zooplus.fr/shop/chats/croquettes_chat/hills_feline_croquettes_chat/hills_feline_light_croquettes_chat/15525?origin=hopps&q=hills%20chat&i=8&ro=1','https://nicepet.fr/wp-content/uploads/2022/08/1107-removebg-preview-e1661852256777.png',1,1,'1d5eba2f-ddce-467d-ab48-4ad4dd33d816','2023-01-02 17:14:36',NULL,211),(206,'Cat & Kitten Dinde, Hareng, Maquereau, Céréales, Poulet, Sardine','','https://nicepet.fr/wp-content/uploads/2022/08/2509-removebg-preview-e1661852650727.png',1,1,'e4409580-3b64-44d4-a018-be6ca56b323a','2023-01-02 17:14:36',NULL,212),(207,'Poulet, Dinde et Canard','','https://nicepet.fr/wp-content/uploads/2022/08/1982-removebg-preview-e1661853076983.png',1,1,'f2cb2254-4b76-4cc5-9532-d81f3ec78c3a','2023-01-02 17:14:36',NULL,213),(208,'Thrive PremiumPlus, poulet pour chat','','',0,1,'18a46f4d-0f24-48c7-b764-6b8b79036ab0','2023-01-02 17:14:36',NULL,214),(209,'Premium chat actif Poulet frais','','https://nicepet.fr/wp-content/uploads/2022/08/2739-removebg-preview-e1661853441377.png',1,1,'1514b043-64c7-4abd-aeab-05214d3b8003','2023-01-02 17:14:36',NULL,215),(210,'Fit & Trim 7 animaux différents','','https://nicepet.fr/wp-content/uploads/2022/08/1617-removebg-preview-e1661853733782.png',1,1,'92638102-4e05-4449-86ab-de9fbe72ce53','2023-01-02 17:14:36',NULL,216),(211,'Au Sanglier & Pomme','','https://nicepet.fr/wp-content/uploads/2022/08/2014-removebg-preview-e1661940966999.png',1,1,'130c92c3-9269-4ff1-a711-c1c761137fe7','2023-01-02 17:14:36',NULL,217),(212,'Chat adulte Poisson et orange ','','https://nicepet.fr/wp-content/uploads/2022/08/1653-removebg-preview-e1661941159131.png',1,1,'ffec10eb-1b92-4521-b9ce-c538c5c57f2b','2023-01-02 17:14:36',NULL,218),(213,'Amikinos Référence Chat adulte et senior','','',0,1,'12613c30-5508-4553-9252-ff74fb2c7213','2023-01-02 17:14:36',NULL,219),(214,'6 poissons','','https://nicepet.fr/wp-content/uploads/2022/08/318-removebg-preview-e1661941447281.png',1,1,'b00616b3-6f12-4245-9ae9-077bd2e2d585','2023-01-02 17:14:36',NULL,220),(215,'Regional Red','','https://nicepet.fr/wp-content/uploads/2022/08/316-removebg-preview-e1661941610409.png',1,1,'61aacd19-4198-42f1-8c32-1112c0aabded','2023-01-02 17:14:36',NULL,221),(216,'Croquettes chat pressées à froid - DINDE','https://marketing.net.zooplus.fr/ts/i3971185/tsc?amc=con.zooplus.503174.514120.8396&rmd=3&trg=http%3A%2F%2Fwww.zooplus.fr/shop/chats/croquettes_chat/feringa/adulte/987926?origin=hopps&q=feringa%20croquette&i=5&ro=1','https://nicepet.fr/wp-content/uploads/2022/08/2909-removebg-preview-e1661941956713.png',1,1,'d8e0997b-b312-4519-8a90-67837e39253d','2023-01-02 17:14:36',NULL,222),(217,'Croquettes chat pressées à froid - POULET','https://marketing.net.zooplus.fr/ts/i3971185/tsc?amc=con.zooplus.503174.514120.8396&rmd=3&trg=http%3A%2F%2Fwww.zooplus.fr/shop/chats/croquettes_chat/feringa/adulte/987850?origin=hopps&q=feringa%20poulet&i=11&ro=1','https://nicepet.fr/wp-content/uploads/2022/09/2909-removebg-preview-e1662038414676.png',1,1,'28936116-2773-4f3d-b0ed-82d4ebfbdc02','2023-01-02 17:14:36',NULL,223),(218,'Lapin et brocoli','','',1,1,'4a228377-ee4d-4962-b8dd-f44ab6908c71','2023-01-02 17:14:36',NULL,224),(219,'PreniumPlus 90% Poulet','https://marketing.net.zooplus.fr/ts/i3971185/tsc?amc=con.zooplus.503174.514120.8396&rmd=3&trg=http%3A%2F%2Fwww.zooplus.fr/shop/chats/croquettes_chat/thrive/573691?origin=hopps&q=thrive%20poulet&i=4&ro=1','https://nicepet.fr/wp-content/uploads/2022/09/1816-removebg-preview-e1662038909164.png',1,1,'1f345abd-1ffe-4540-bf33-53ffe7d10b5f','2023-01-02 17:14:36',NULL,225),(220,'Tundra 8 animaux différents','','https://nicepet.fr/wp-content/uploads/2022/09/1616-removebg-preview-e1662039282177.png',1,1,'6e1da86d-df1d-4d51-9b3e-9a0b1de66726','2023-01-02 17:14:36',NULL,226),(221,'Gelée poulet et boeuf','','https://nicepet.fr/wp-content/uploads/2022/09/2490-removebg-preview-e1662039841664.png',1,1,'a357f74a-106c-4665-8d97-75555f71fbb6','2023-01-02 17:14:36',NULL,227),(222,'Océan sans céréales Hareng, potiron, Orange','https://marketing.net.zooplus.fr/ts/i3971185/tsc?amc=con.zooplus.503174.514120.8396&rmd=3&trg=http%3A%2F%2Fwww.zooplus.fr/shop/chats/croquettes_chat/farmina/nd_ocean/837786?origin=hopps&q=farmina%20hareng&i=1&ro=1','https://nicepet.fr/wp-content/uploads/2022/09/2265-removebg-preview-e1662040196262.png',1,1,'27629198-7f38-417a-83ae-732d8b997df2','2023-01-02 17:14:36',NULL,228),(223,'Grain Free Potiron Cerf & Pomme','','https://nicepet.fr/wp-content/uploads/2022/09/2017-removebg-preview-e1662111539183.png',1,1,'8d7c1cc8-583d-4958-9628-00ea9dc53014','2023-01-02 17:14:36',NULL,229),(224,'Adult Sterilised dinde, poulet - sans céréales pour chat','https://marketing.net.zooplus.fr/ts/i3971185/tsc?amc=con.zooplus.503174.514120.8396&rmd=3&trg=http%3A%2F%2Fwww.zooplus.fr/chats/croquettes_chat/croquettes_chat_purizon/purizon_chat_sterilise/987045?origin=hopps&q=nutro%20sterilised&i=2&ro=1&ct=Chat','https://nicepet.fr/wp-content/uploads/2022/09/2578-removebg-preview-e1662112181388.png',1,1,'5c8206d1-f030-4fc5-89e1-71762144ff80','2023-01-02 17:14:36',NULL,230),(225,'High Meat poulet','','',1,1,'6120fb92-c59b-4147-ba17-5afa18a5ab46','2023-01-02 17:14:36',NULL,231),(226,'Light & Sterilised Sans Céréales chat adulte','https://www.zoomalia.com/animalerie/quality-sens-light-sterilized-grain-free-sans-cereales-pour-chat-sterilise-ou-en-surpoids-p-28356.html','https://nicepet.fr/wp-content/uploads/2022/04/quality-sens-sterilized-1.png',1,1,'edc165bb-cf91-42fb-9a7a-1d49bdb37de6','2023-01-02 17:17:12',NULL,233),(227,'Just Grain Free au poulet chat adulte','','https://nicepet.fr/wp-content/uploads/2022/04/ownat-adult-chiken.png',1,1,'e201e586-26f4-4f8d-a905-2ee4da7ebdd7','2023-01-02 17:17:12',NULL,234),(228,'Inne Cat Adult au poulet pour chat','','https://nicepet.fr/wp-content/uploads/2022/04/inne-cat-adult-poulet.png',1,1,'f0413a3e-0af7-4b0c-90d7-bc442837a9e8','2023-01-02 17:17:12',NULL,235),(229,'high meat au saumon et thon chat adulte','','https://nicepet.fr/wp-content/uploads/2022/04/true-instinct.png',1,1,'45d4199b-c2ed-4655-a4b6-84cbb2d657b9','2023-01-02 17:17:13',NULL,236),(230,'Cat High Meat poulet','','https://nicepet.fr/wp-content/uploads/2022/09/337-removebg-preview-e1662112559565.png',1,1,'c926bbad-bde5-413a-b601-e5e806e66e29','2023-01-02 17:17:13',NULL,237),(231,'Adultes et chatons de tout âge','','https://nicepet.fr/wp-content/uploads/2022/04/ultra-premium.png',1,1,'803e430a-8034-4128-a752-d5a76ffa4871','2023-01-02 17:17:13',NULL,238),(232,'Sterilised','','https://nicepet.fr/wp-content/uploads/2022/04/nutrivet.png',1,1,'aa145547-6a31-46fd-8d04-657b4feb47a2','2023-01-02 17:17:13',NULL,239),(233,'Cat Adult Neutered','','https://nicepet.fr/wp-content/uploads/2022/04/virbac.png',1,1,'91675807-3ac1-4c55-8710-e8ccc9a76491','2023-01-02 17:17:13',NULL,240),(234,'Grain Free Adult poulet & dinde','','https://nicepet.fr/wp-content/uploads/2022/04/ownat-2.png',1,1,'1326382e-f85c-4438-bcae-d62ab2937ef4','2023-01-02 17:17:13',NULL,241),(235,'Adult Wild Hills Canard et volaille','','https://nicepet.fr/wp-content/uploads/2022/04/wild-freedom.png',1,1,'39709e5e-311d-473b-bc8b-3049fa28f258','2023-01-02 17:17:13',NULL,242),(236,'Adult Poulet & poisson','','https://nicepet.fr/wp-content/uploads/2022/04/purizon.png',1,1,'75858757-4fe0-4324-a72c-40327f6cbc62','2023-01-02 17:17:13',NULL,243),(237,'Adult Agneau & poisson','','https://nicepet.fr/wp-content/uploads/2022/04/purizon-2.png',1,1,'8838ba1f-5f6d-41b5-8ba4-6ffcb73ef5ff','2023-01-02 17:17:13',NULL,244),(238,'Adult Sterilised Poulet, poisson','','https://nicepet.fr/wp-content/uploads/2022/04/purizon-3.png',1,1,'62857839-b77f-4b16-afae-3d747e4ae29d','2023-01-02 17:17:13',NULL,245),(239,'Adult hairball control canard & faisan','','https://nicepet.fr/wp-content/uploads/2022/04/carnilove.png',1,1,'aa10f3ff-6cbc-43fc-970a-0882fb7d9461','2023-01-02 17:17:13',NULL,246),(240,'Adult Cerf & poisson','','https://nicepet.fr/wp-content/uploads/2022/04/purizon-4.png',1,1,'cc720a97-e921-49c5-bc4e-5552228157a0','2023-01-02 17:17:13',NULL,247),(241,'Adult Canard & Poisson','','https://nicepet.fr/wp-content/uploads/2022/04/purizon-5.png',1,1,'eb5f4069-1b7b-47cc-8e56-1829ee95a35a','2023-01-02 17:17:13',NULL,248),(242,'Low Grain, Chaton et Chat actif adulte','','https://nicepet.fr/wp-content/uploads/2022/04/maison-moulin.png',1,1,'114d839f-e32b-440b-b3f7-61e0dac21fdc','2023-01-02 17:17:13',NULL,249),(243,'Adult Energy and Outdoor, renne pour chat','','https://nicepet.fr/wp-content/uploads/2022/08/1572-removebg-preview-1-e1661781805679.png',1,1,'540fc5f2-4a35-4b95-a616-4f289dd22443','2023-01-02 17:17:13',NULL,250),(244,'Adult saumon, poisson blanc pour chat','https://marketing.net.zooplus.fr/ts/i3971185/tsc?amc=con.zooplus.503174.514120.8396&rmd=3&trg=http%3A%2F%2Fwww.zooplus.fr/shop/chats/croquettes_chat/crave_croquettes_chat/croquettes/713022?origin=hopps&q=crave&i=3&ro=1','https://nicepet.fr/wp-content/uploads/2022/08/1809-removebg-preview-e1661783935335.png',1,1,'298e3808-158c-4848-b5cc-54774bb4ccef','2023-01-02 17:17:13',NULL,251),(245,'Grain Free Adult stérilisé poulet frais','','https://nicepet.fr/wp-content/uploads/2022/08/2070-e1661785026843.jpg',1,1,'b067f4e6-f956-4dc8-b02b-15837c4242e4','2023-01-02 17:17:13',NULL,252),(246,'Veterinary HPM Saumon','https://marketing.net.zooplus.fr/ts/i3971185/tsc?amc=con.zooplus.503174.514120.8396&rmd=3&trg=http%3A%2F%2Fwww.zooplus.fr//shop/chats/croquettes_chat/virbac_vet_hpm/obesite_surpoids_virbac/617091?origin=hopps&q=virbac%20chat%20saumon&i=1&ro=1','https://nicepet.fr/wp-content/uploads/2022/08/349-removebg-preview-e1661791450259.png',1,1,'1c15bf2b-1d4e-45aa-b1d7-3b3e71cec854','2023-01-02 17:17:13',NULL,253),(247,'Wild Frontier - Junior saumon, poissons blancs ','','https://nicepet.fr/wp-content/uploads/2022/08/2290-removebg-preview-e1661850811785.png',1,1,'e52e588f-558a-4571-a5d2-5ca66d6eb916','2023-01-02 17:17:13',NULL,254),(248,'Wild Frontier Saumon & Poisson Blanc Sans Céréales chat adulte','','',1,1,'44546167-c346-4ad5-879c-819823c4aa22','2023-01-02 17:17:13',NULL,255),(249,'Grain Free Hair & Skin Care chat adulte','','',1,1,'b91a5cb8-4389-4d5b-bea1-98d6259fac49','2023-01-02 17:17:13',NULL,256),(250,'Science Plan- Adult Light Poulet','https://marketing.net.zooplus.fr/ts/i3971185/tsc?amc=con.zooplus.503174.514120.8396&rmd=3&trg=http%3A%2F%2Fwww.zooplus.fr/shop/chats/croquettes_chat/hills_feline_croquettes_chat/hills_feline_light_croquettes_chat/15525?origin=hopps&q=hills%20chat&i=8&ro=1','https://nicepet.fr/wp-content/uploads/2022/08/1107-removebg-preview-e1661852256777.png',1,1,'1d5eba2f-ddce-467d-ab48-4ad4dd33d816','2023-01-02 17:17:13',NULL,257),(251,'Cat & Kitten Dinde, Hareng, Maquereau, Céréales, Poulet, Sardine','','https://nicepet.fr/wp-content/uploads/2022/08/2509-removebg-preview-e1661852650727.png',1,1,'e4409580-3b64-44d4-a018-be6ca56b323a','2023-01-02 17:17:13',NULL,258),(252,'Poulet, Dinde et Canard','','https://nicepet.fr/wp-content/uploads/2022/08/1982-removebg-preview-e1661853076983.png',1,1,'f2cb2254-4b76-4cc5-9532-d81f3ec78c3a','2023-01-02 17:17:13',NULL,259),(253,'Thrive PremiumPlus, poulet pour chat','','',0,1,'18a46f4d-0f24-48c7-b764-6b8b79036ab0','2023-01-02 17:17:13',NULL,260),(254,'Premium chat actif Poulet frais','','https://nicepet.fr/wp-content/uploads/2022/08/2739-removebg-preview-e1661853441377.png',1,1,'1514b043-64c7-4abd-aeab-05214d3b8003','2023-01-02 17:17:13',NULL,261),(255,'Fit & Trim 7 animaux différents','','https://nicepet.fr/wp-content/uploads/2022/08/1617-removebg-preview-e1661853733782.png',1,1,'92638102-4e05-4449-86ab-de9fbe72ce53','2023-01-02 17:17:13',NULL,262),(256,'Au Sanglier & Pomme','','https://nicepet.fr/wp-content/uploads/2022/08/2014-removebg-preview-e1661940966999.png',1,1,'130c92c3-9269-4ff1-a711-c1c761137fe7','2023-01-02 17:17:13',NULL,263),(257,'Chat adulte Poisson et orange ','','https://nicepet.fr/wp-content/uploads/2022/08/1653-removebg-preview-e1661941159131.png',1,1,'ffec10eb-1b92-4521-b9ce-c538c5c57f2b','2023-01-02 17:17:13',NULL,264),(258,'Amikinos Référence Chat adulte et senior','','',0,1,'12613c30-5508-4553-9252-ff74fb2c7213','2023-01-02 17:17:13',NULL,265),(259,'6 poissons','','https://nicepet.fr/wp-content/uploads/2022/08/318-removebg-preview-e1661941447281.png',1,1,'b00616b3-6f12-4245-9ae9-077bd2e2d585','2023-01-02 17:17:13',NULL,266),(260,'Regional Red','','https://nicepet.fr/wp-content/uploads/2022/08/316-removebg-preview-e1661941610409.png',1,1,'61aacd19-4198-42f1-8c32-1112c0aabded','2023-01-02 17:17:13',NULL,267),(261,'Croquettes chat pressées à froid - DINDE','https://marketing.net.zooplus.fr/ts/i3971185/tsc?amc=con.zooplus.503174.514120.8396&rmd=3&trg=http%3A%2F%2Fwww.zooplus.fr/shop/chats/croquettes_chat/feringa/adulte/987926?origin=hopps&q=feringa%20croquette&i=5&ro=1','https://nicepet.fr/wp-content/uploads/2022/08/2909-removebg-preview-e1661941956713.png',1,1,'d8e0997b-b312-4519-8a90-67837e39253d','2023-01-02 17:17:13',NULL,268),(262,'Croquettes chat pressées à froid - POULET','https://marketing.net.zooplus.fr/ts/i3971185/tsc?amc=con.zooplus.503174.514120.8396&rmd=3&trg=http%3A%2F%2Fwww.zooplus.fr/shop/chats/croquettes_chat/feringa/adulte/987850?origin=hopps&q=feringa%20poulet&i=11&ro=1','https://nicepet.fr/wp-content/uploads/2022/09/2909-removebg-preview-e1662038414676.png',1,1,'28936116-2773-4f3d-b0ed-82d4ebfbdc02','2023-01-02 17:17:13',NULL,269),(263,'Lapin et brocoli','','',1,1,'4a228377-ee4d-4962-b8dd-f44ab6908c71','2023-01-02 17:17:13',NULL,270),(264,'PreniumPlus 90% Poulet','https://marketing.net.zooplus.fr/ts/i3971185/tsc?amc=con.zooplus.503174.514120.8396&rmd=3&trg=http%3A%2F%2Fwww.zooplus.fr/shop/chats/croquettes_chat/thrive/573691?origin=hopps&q=thrive%20poulet&i=4&ro=1','https://nicepet.fr/wp-content/uploads/2022/09/1816-removebg-preview-e1662038909164.png',1,1,'1f345abd-1ffe-4540-bf33-53ffe7d10b5f','2023-01-02 17:17:13',NULL,271),(265,'Tundra 8 animaux différents','','https://nicepet.fr/wp-content/uploads/2022/09/1616-removebg-preview-e1662039282177.png',1,1,'6e1da86d-df1d-4d51-9b3e-9a0b1de66726','2023-01-02 17:17:13',NULL,272),(266,'Gelée poulet et boeuf','','https://nicepet.fr/wp-content/uploads/2022/09/2490-removebg-preview-e1662039841664.png',1,1,'a357f74a-106c-4665-8d97-75555f71fbb6','2023-01-02 17:17:13',NULL,273),(267,'Océan sans céréales Hareng, potiron, Orange','https://marketing.net.zooplus.fr/ts/i3971185/tsc?amc=con.zooplus.503174.514120.8396&rmd=3&trg=http%3A%2F%2Fwww.zooplus.fr/shop/chats/croquettes_chat/farmina/nd_ocean/837786?origin=hopps&q=farmina%20hareng&i=1&ro=1','https://nicepet.fr/wp-content/uploads/2022/09/2265-removebg-preview-e1662040196262.png',1,1,'27629198-7f38-417a-83ae-732d8b997df2','2023-01-02 17:17:13',NULL,274),(268,'Grain Free Potiron Cerf & Pomme','','https://nicepet.fr/wp-content/uploads/2022/09/2017-removebg-preview-e1662111539183.png',1,1,'8d7c1cc8-583d-4958-9628-00ea9dc53014','2023-01-02 17:17:13',NULL,275),(269,'Adult Sterilised dinde, poulet - sans céréales pour chat','https://marketing.net.zooplus.fr/ts/i3971185/tsc?amc=con.zooplus.503174.514120.8396&rmd=3&trg=http%3A%2F%2Fwww.zooplus.fr/chats/croquettes_chat/croquettes_chat_purizon/purizon_chat_sterilise/987045?origin=hopps&q=nutro%20sterilised&i=2&ro=1&ct=Chat','https://nicepet.fr/wp-content/uploads/2022/09/2578-removebg-preview-e1662112181388.png',1,1,'5c8206d1-f030-4fc5-89e1-71762144ff80','2023-01-02 17:17:13',NULL,276),(270,'High Meat poulet','','',1,1,'6120fb92-c59b-4147-ba17-5afa18a5ab46','2023-01-02 17:17:13',NULL,277);
/*!40000 ALTER TABLE `produit` ENABLE KEYS */;
UNLOCK TABLES;
/*!40103 SET TIME_ZONE=@OLD_TIME_ZONE */;

/*!40101 SET SQL_MODE=@OLD_SQL_MODE */;
/*!40014 SET FOREIGN_KEY_CHECKS=@OLD_FOREIGN_KEY_CHECKS */;
/*!40014 SET UNIQUE_CHECKS=@OLD_UNIQUE_CHECKS */;
/*!40101 SET CHARACTER_SET_CLIENT=@OLD_CHARACTER_SET_CLIENT */;
/*!40101 SET CHARACTER_SET_RESULTS=@OLD_CHARACTER_SET_RESULTS */;
/*!40101 SET COLLATION_CONNECTION=@OLD_COLLATION_CONNECTION */;
/*!40111 SET SQL_NOTES=@OLD_SQL_NOTES */;

-- Dump completed on 2023-04-21  1:47:16